user_id,nickname,followers,title,likes,power_score,is_paid,url
waninandayo,ほわいと,144,【Sora2】AIを誰でも上手に。動画を生成する方法！,3171,22.0208,False,https://note.com/waninandayo/n/nbd86f4a4ee10
waninandayo,ほわいと,144,もしかして損してる？AIで「毎日投稿」を自動化する。ブログ・Noteのネタ切れと時間切れを永久に解消する錬金術,2880,20.0,False,https://note.com/waninandayo/n/nf55a1cc99056
waninandayo,ほわいと,144,【簡単！月5万円！】1000円で即日始めれるSNS拡散サービスで月5万円！【副業・Twitter(X)・Instagram・Threads】,2680,18.6111,False,https://note.com/waninandayo/n/nd804e33260d1
waninandayo,ほわいと,144,【Sora2】誰でも簡単に無料でウォーターマーク(透かし)を消す方法！,2618,18.1806,False,https://note.com/waninandayo/n/n63e65a55918e
waninandayo,ほわいと,144,【単純で簡単！】Twitter(X)フォロワーを1万人増やせた方法【再現性あり】,2618,18.1806,False,https://note.com/waninandayo/n/nab34a6ad1005
waninandayo,ほわいと,144,【X初心者🔰必見】早めにシャドウバンの解除が出来た方法【Twitter/X】,2608,18.1111,False,https://note.com/waninandayo/n/n2437991cd41c
waninandayo,ほわいと,144,【2025年最新版】複数のXアカウントを運用して、利益を出すための大切な方法。,2594,18.0139,False,https://note.com/waninandayo/n/n427a15025a6e
long_weasel2990,tmm,51,自己紹介｜アラサー｜専業主婦｜妊娠中｜子育て｜商業高校→教育大学卒｜転職｜営業→事務→Web関連｜副業｜職業訓練｜はじめてのnote,872,17.098,False,https://note.com/long_weasel2990/n/n9dade9542731
waninandayo,ほわいと,144,【定期更新アリ】APEX最強感度紹介！！！,2365,16.4236,False,https://note.com/waninandayo/n/n7b4036e69e6e
waninandayo,ほわいと,144,「非モテ」でも大丈夫。一番大切な「出会いの技術」,2329,16.1736,False,https://note.com/waninandayo/n/nd0d339ca337e
waninandayo,ほわいと,144,【悪用厳禁】あなたのnote執筆時間を1/3にする、コピペで使えるChatGPTプロンプト,2201,15.2847,False,https://note.com/waninandayo/n/n7d4481e99a9e
waninandayo,ほわいと,144,【2025年最新版】知識ゼロから月5万円を目指す！AI副業のはじめ方 完全ガイドブック,1894,13.1528,False,https://note.com/waninandayo/n/n4c89ac9aa22e
kyon_2025,杉山京子@発信が止まる人のための言語化から始めるライティングサポート,19,自己紹介｜40代シンママ｜起業12年以上｜ブログ出身→女性向けオンラインで稼ぐスクール運営歴9年｜はじめてのnote,159,8.3684,False,https://note.com/kyon_2025/n/n0cb48470ef8e
maruchan_free,マルちゃん【人生を好転させたい20代フリーランス】,65,自己紹介｜20代｜転職｜副業｜公務員｜個人事業主｜大手ホワイト企業｜習慣｜ジャーナリング｜ジム｜筋トレ｜転職支援｜投資｜積立NISA｜FX｜人生好転｜はじめてのnote,523,8.0462,False,https://note.com/maruchan_free/n/n7778a7408d36
grand_dill555,OpenML,76,自己紹介｜30代｜既婚｜子育て世代｜サラリーマン｜悩める父｜キャリア迷子｜人生の岐路｜働き方｜転機｜副業模索｜記録｜赤裸々｜内省｜生き方｜哲学探し｜自己理解｜夫｜父｜家族｜愛｜葛藤｜HSP気質かもしれない｜真面目｜仕事は好き｜でもしんどい時もある｜組織｜人間関係｜キャリアチェンジ検討中｜本音｜弱さも書く｜幸福とは｜豊かさとは｜感情｜成長したい｜変わりたい｜選択｜もがき中｜30代のリアル｜迷ってる人とつながりたい｜はじめてのnote,594,7.8158,False,https://note.com/grand_dill555/n/n7b4a8e8dfe8f
rainy_then_sunny,雨のち晴れ女,128,自己紹介｜30歳｜適応障害｜休職中｜HSP(HSS型)｜独立｜何者かになりたかった20代｜自分の心が一番大事だと気付いた30歳｜副業を本業へ｜人生やり直し｜リセット｜英語｜ワーホリ｜留学｜アート｜移住計画｜はじめてのnote,947,7.3984,False,https://note.com/rainy_then_sunny/n/nd04c8d13f2f9
maruchandayone,なつ☀️,134,自己紹介｜20代｜独身｜茨城｜副業｜INFJ｜初心者｜投資｜note収益化｜ライブ配信｜恋愛｜カメラ｜写真｜美容｜旅行｜アニメ｜漫画｜YouTube｜読書｜カフェ｜サウナ｜岩盤浴｜ファッション｜スキして｜はじめてのnote,951,7.097,False,https://note.com/maruchandayone/n/n364b66b15239
waninandayo,ほわいと,144,【挫折率9割を乗り越える】AI時代の今だからできる、プログラミングが絶対出来るようになるための方法,826,5.7361,False,https://note.com/waninandayo/n/n17c590f6a83b
yuu8_blogxillust,ゆう8,29,自己紹介｜44歳・超高齢出産｜夫が発達障害（ASD・ADHD）｜毒親サバイバー｜私はHSP（HSS型）｜不妊治療｜40代半ばの子育て｜本業は貿易事務｜副業始めます｜生成AI｜AI勉強中｜ブログ&イラスト｜家族｜こころのこと,165,5.6897,False,https://note.com/yuu8_blogxillust/n/n6b78d8e1d03d
hikarimamanurse,ひかり,112,自己紹介｜アラサー｜0歳｜育児｜子育て｜産後うつ｜看護師｜医療職｜副業｜新しい働き方｜メンタル｜義父母問題｜転職｜引越し｜はじめてのnote,627,5.5982,False,https://note.com/hikarimamanurse/n/n43f36372c904
ikea0,まったん,490,自己紹介｜30代｜新たな挑戦｜振り返り｜子育て｜転職｜副業｜キャリアアップ｜note副業｜心機一転｜家計簿｜アカウント名変更｜美容｜健康｜薬膳｜はじめてのnote,2619,5.3449,False,https://note.com/ikea0/n/nb19d6a0b7cf4
koji_days,柏木　浩司,204,自己紹介｜40代｜2児のパパ｜元サラリーマン｜セミリタイア｜不動産投資｜振り返り｜心機一転｜海外旅行｜キャンプ｜写真｜子育て｜朝活｜note副業｜はじめてのnote,993,4.8676,False,https://note.com/koji_days/n/n1a77075fac47
modern_lion4531,ハイキャリア戦略室,169,自己紹介｜30代｜新たな挑戦｜振り返り｜就活｜転職｜副業｜キャリアアップ｜note副業｜心機一転｜マガジン開始｜アカウント名変更｜はじめてのnote,653,3.8639,False,https://note.com/modern_lion4531/n/n965249739993
ideal_hyssop1709,ともこのつぶやき,145,自己紹介｜30代｜つぶやき｜振り返り｜子育て｜ゆるく生きる｜副業｜カフェ｜リラックス｜家計簿｜岩盤浴｜健康｜たまに真面目｜ごはん作りたくない｜だいたい眠い｜はじめてのnote,501,3.4552,False,https://note.com/ideal_hyssop1709/n/naefb3513c0cb
shiratori_ko,しらとりこはね,92,VRoidで1500万円稼ぐためにやったこと,284,3.087,False,https://note.com/shiratori_ko/n/n45ec67b2172e
shib_km,柴熊,307,自己紹介｜30代夫｜1年間取得する男性の育児休業｜子育て｜転職｜副業｜note副業｜ガジェット｜カメラ｜株｜株主優待｜NISA｜ideco｜仮想通貨｜ふるさと納税｜資格｜IT｜SE｜AI｜新築｜戸建｜アニメ｜マンガ｜はじめてのnote,921,3.0,False,https://note.com/shib_km/n/n3d9ec185e481
shori_tanaka, 田中 翔理 | Ready Crew(レディクル),477,"【30,000字・全編無料】受託事業が堅実に1億円を稼ぐ仕組み",1260,2.6415,False,https://note.com/shori_tanaka/n/nc56406cc0607
akira_note_aka,アキラの雑記帳,169,【デスクツアー】ブログ歴7年目の筆者がたどり着いたシンプルスタイル,329,1.9467,False,https://note.com/akira_note_aka/n/n0c349db4f90f
muteki_money,無敵の稼げる副業,471,ずる賢い「メルカリ」せどり術 （仕入れ資金ゼロで月10万円稼ぐ0円仕入れの全貌）,824,1.7495,False,https://note.com/muteki_money/n/n3a27f4621208
muteki_money,無敵の稼げる副業,471,「Instagram」運用代行で稼ぐ SNS養成講座 （月20万円の「企業案件」を獲得するための実績作りと営業術）,802,1.7028,False,https://note.com/muteki_money/n/n0cb53f56fc9e
nft_tactics,NFT戦略,550,「AI × NFT」プロンプト販売で稼ぐ法 （AIアートの魔法の呪文（プロンプト）自体をnoteやBrainで販売する戦略）,902,1.64,False,https://note.com/nft_tactics/n/n6d969915b8e1
kkr_n_nk,Risa.,328,自己紹介|30代|子育て|2児の母|挑戦|仕事|写真|カメラ|ハンドメイド|趣味|保育士|幼稚園教諭|やりたいこと|はじめのnote|転職|副業|初心者|育児日記|体験談,535,1.6311,False,https://note.com/kkr_n_nk/n/ne2cfb0c2a4d3
nft_tactics,NFT戦略,550,悪魔的「AI × NFTアート」錬金術の教科書 （StableDiffusionで画像を自動生成。月10万円稼ぐ販売戦略）,722,1.3127,False,https://note.com/nft_tactics/n/n17b9a060e324
muteki_money,無敵の稼げる副業,471,Instagramアフィリエイトで月10万円稼ぐストーリーズ戦術,600,1.2739,False,https://note.com/muteki_money/n/nb059a9f3cd11
muteki_money,無敵の稼げる副業,471,悪魔的Threadsアフィリエイトの教科書 （フォロワー0から月30万円稼ぐ売れるポスト術）,590,1.2527,False,https://note.com/muteki_money/n/nd2ac512be430
lively_wolf2604,ヒトリミチ,929,【爆笑の味噌汁】ADHD夫が「キット料理」を改造したら宇宙が生まれた話｜ASD×HSP家族のサバイバル飯｜日記 / 子育て / エッセイ / ワーママ / 人間関係 / 生きづらさ / 人生 / フォロワー /コメント/ 生成AI / 副業,1057,1.1378,False,https://note.com/lively_wolf2604/n/n1a43cf74d6e5
lively_wolf2604,ヒトリミチ,929,noteが好きなのに、つらいと感じるとき、わたしたちはどうすればいい？noteから5日離れて気づいたこと｜コメント｜感謝｜フォロワー｜HSP｜人生｜子育て｜日記,1013,1.0904,False,https://note.com/lively_wolf2604/n/nc8b348282553
pilates_day,こはるのピラティス日和,299,自己紹介│ピラティス│ブログ│運動│美容│健康│映画│読書│趣味│ゆる日記│はじめてのnote│毎日の日常に+の健康を！,313,1.0468,False,https://note.com/pilates_day/n/naae41d835d15
lively_wolf2604,ヒトリミチ,929,【休日あるある】14時間寝てベッドと一体化したHSP×ASDママの暴走エッセイ｜週末が秒で終わった話 / 日記 / 子育て / ワーママ / 人間関係 / 生きづらさ / 人生 / フォロワー /コメント/ 生成AI / 副業 ,969,1.0431,False,https://note.com/lively_wolf2604/n/n2dc3c99945f3
maruchandayone,なつ☀️,134,【完全公開】副業初心者が“始めて12時間で4万円以上”稼いだ話｜自己紹介｜未経験｜初心者｜無料｜再現性｜副業｜稼ぐ｜フリーランス｜フリーター｜無職｜主婦｜主夫｜INFJ｜女性｜男性｜20代｜30代｜40代｜ワーパパ｜ワーママ｜子育て｜シングルファザー｜シングルマザー｜仕事｜ゆっくり｜派遣｜カメラ｜ビデオ｜通話｜配信｜ライバー｜ライブ配信｜感想文｜マイペース｜コミュ力｜スマホ｜在宅｜話す｜エッセイ｜休日のすごし方｜スキしてみて｜振り返り｜はじめてのnote,129,0.9627,False,https://note.com/maruchandayone/n/n4bf6826ced32
muteki_money,無敵の稼げる副業,471,ずる賢い「ポイ活」で月5万円稼ぐ 案件攻略ロードマップ （節約ではなく稼ぐことに特化した高単価案件の狙い方）,443,0.9406,False,https://note.com/muteki_money/n/n654e7cb757fe
lively_wolf2604,ヒトリミチ,929,【奇跡の味噌汁】ADHD夫の事故料理が神回避した日｜ASD×HSP家族のリアル育児日記｜日常｜エッセイ｜フォロワー｜ワーママ｜人生｜子育て｜生きづらさ,847,0.9117,False,https://note.com/lively_wolf2604/n/n8bda86762a6e
dadadaikon,たくろう│ド田舎で不労所得生活の人,340,【完全無料】noteで稼ぎたい人が今すぐやるべきたった一つの事【経験談】,296,0.8706,False,https://note.com/dadadaikon/n/nd355b2ff61f0
lively_wolf2604,ヒトリミチ,929,ASD×HSP母の子育て日記ブログ｜チョコパイって、何歳からOK？想定外すぎたワーママ育児の話【コメント歓迎＆フォロワー感謝記事】副業｜生成AI,783,0.8428,False,https://note.com/lively_wolf2604/n/n6d3b8173172e
lively_wolf2604,ヒトリミチ,929,HSP兄弟がタリーズに30分入れなかった日｜発達障害×育児日記×ASD家族の初めての挑戦エッセイ｜ワーママ｜生成AI,771,0.8299,False,https://note.com/lively_wolf2604/n/nd4faef79cb1c
grand_dill555,OpenML,76,“やればできる”が効かなくなったとき、人生が変わり始めた。,54,0.7105,False,https://note.com/grand_dill555/n/nb4bccffa693e
lively_wolf2604,ヒトリミチ,929,🫧有料記事を書いたHSS型HSP×ASDママの3日後｜人が好きなのに人付き合いが苦手です｜子育て/note初心者/note書けない/コメント/ブログ/副業 /生成AI/スキ/フォロワー/エッセイ,655,0.7051,False,https://note.com/lively_wolf2604/n/n6fa7480f73be
maruchan_free,マルちゃん【人生を好転させたい20代フリーランス】,65,【就職倍率100倍の公務員を辞めた】安定を捨てた20代の挫折と好転,43,0.6615,False,https://note.com/maruchan_free/n/ne4e5f87e9658
nft_tactics,NFT戦略,550,顔出し不要「AI美女 × NFT」グラビア写真集で稼ぐマネタイズ全書 （Stable Diffusionでペルソナを作り、ファンを誘導する全手順）,348,0.6327,False,https://note.com/nft_tactics/n/n31c0c180fe92
nft_tactics,NFT戦略,550,知識ゼロから始める「AI × NFT副業」月5万円ロードマップ （NFTの基礎からAIツールの使い方、初収益までを完全ガイド）,345,0.6273,False,https://note.com/nft_tactics/n/n94cac54e6b6f
rainy_then_sunny,雨のち晴れ女,128,【前編】「お前って、ハーフの失敗作だよな」と言われた時の話,71,0.5547,False,https://note.com/rainy_then_sunny/n/n6714baca354c
lively_wolf2604,ヒトリミチ,929,【ASD×HSP】素敵なクリエイターさんからチップで救われた私の体験,503,0.5414,False,https://note.com/lively_wolf2604/n/n9d781d4497c1
grand_dill555,OpenML,76,じゃあ、自分はどんな未来を望んでいるのか─30代で一度立ち止まって考えてみた。,41,0.5395,False,https://note.com/grand_dill555/n/n690517676504
good_fish9591,ワラバランス盛田シンプルイズベスト,202,人にキレられた話を書いて稼いでるらしいな,97,0.4802,False,https://note.com/good_fish9591/n/n1bbab69458cf
lively_wolf2604,ヒトリミチ,929,ハムカツさん、ありがとう✨AIが描いた猫耳ヒトリミチ誕生🐱🐾,444,0.4779,False,https://note.com/lively_wolf2604/n/n2e700e80aa2a
lively_wolf2604,ヒトリミチ,929,転職、心の粉砕骨折日記～ASD×HSPの私がハローワークで学んだインクルーシブの矛盾～,441,0.4747,False,https://note.com/lively_wolf2604/n/n4319b2c5b144
koko_kei,心野 けいか🐹（ハムスターの人）,965,🌲自己紹介:「ようこそ、心野まるっとラボへ。」🐹🧠🧪,442,0.458,False,https://note.com/koko_kei/n/n2347acbb7ffa
kyon_2025,杉山京子@発信が止まる人のための言語化から始めるライティングサポート,19,noteでの発信内容について｜自己紹介｜潜在意識｜自己実現｜願望実現｜カフェ好き｜アラフォー｜シンママ,8,0.4211,False,https://note.com/kyon_2025/n/n70923282279c
good_fish9591,ワラバランス盛田シンプルイズベスト,202,2025初BBQ in 秋川渓谷,85,0.4208,False,https://note.com/good_fish9591/n/nbfeaa89aab44
hikarimamanurse,ひかり,112,産後1番しんどかった日の話｜アラサー｜子育て｜0歳児｜産後うつ｜看護師｜子育てパパママ｜育児,45,0.4018,False,https://note.com/hikarimamanurse/n/n2d9940a7b197
lively_wolf2604,ヒトリミチ,929,【ASD×HSP】飲み会で透明人間になりたい夜～繊細すぎる私の生存戦略～,372,0.4004,False,https://note.com/lively_wolf2604/n/n59142fa90615
koko_kei,心野 けいか🐹（ハムスターの人）,965,🌤️おはよう朝ふみ💌｜チーズは持たないけど、勇気は持って🐹🧀 #毎日更新 #おはよう #モーニング #朝活 #ルーティン #画像生成 #生成AI #AIイラスト #ChatGPT #挨拶 #やってみた #ライティング #エッセイ #イラスト #日常 #ブログ #Canva #ハムスター #コメント #転職 #転職活動 #面接,378,0.3917,False,https://note.com/koko_kei/n/n6f7987ca45a1
shiratori_ko,しらとりこはね,92,【VRChat】VRoidアバターをデスクトップ勢でもかわいく動かす!!【未完成】,36,0.3913,False,https://note.com/shiratori_ko/n/nd410330c1fce
lively_wolf2604,ヒトリミチ,929,ASDでHSPなのに出張大好き!? ～私、仕事モードになると別人です～✈️😂,360,0.3875,False,https://note.com/lively_wolf2604/n/nfd082f994a3f
koji_days,柏木　浩司,204,Vol.1 趣味に没頭したくて、40代半ばで会社を退職した理由,78,0.3824,False,https://note.com/koji_days/n/n965c5fa331d9
lively_wolf2604,ヒトリミチ,929,初めての誹謗中傷で心が急速冷凍！？～ASD×HSPの私がnoteを続ける理由～,354,0.3811,False,https://note.com/lively_wolf2604/n/nfa1150121668
lively_wolf2604,ヒトリミチ,929,ASD×HSPの私がよそ様の子にまで感情移入しちゃうHSP母の感受性,340,0.366,False,https://note.com/lively_wolf2604/n/nf7feaedcdf2a
lively_wolf2604,ヒトリミチ,929,HSP×ASDの私が出会った、心やさしいnoteクリエイター6選🌈フォロワー・コメントに救われた話,336,0.3617,False,https://note.com/lively_wolf2604/n/n53b5b98726c3
ura_okuribito,借金イチオクン,176,「体力がない」は武器になる。40代が自転車配達で年624万稼いだ「弱者の生存戦略」|フーデリ|Uber|出前館|ロケットナウ|,63,0.358,False,https://note.com/ura_okuribito/n/nb0d1a32c84e2
nft_tactics,NFT戦略,550,"ずる賢い「AI × NFT転売」""フロアプライス""監視＆自動刈り取り術 （n8nとAIで「価格が落ちた」瞬間を狙い撃つ秘術）",190,0.3455,False,https://note.com/nft_tactics/n/n5d9ef60ba844
good_fish9591,ワラバランス盛田シンプルイズベスト,202,Uber細い家を買う,69,0.3416,False,https://note.com/good_fish9591/n/n587a64153bb0
lively_wolf2604,ヒトリミチ,929,HSPのわたし、カラオケで感動スイッチ暴発してまつ毛3本が抜けた日｜育児日記×発達×家族エッセイ｜ペット｜人生｜ワーママ,297,0.3197,False,https://note.com/lively_wolf2604/n/nc8d990da1e9b
ideal_hyssop1709,ともこのつぶやき,145,サンタ酸,46,0.3172,False,https://note.com/ideal_hyssop1709/n/nb7ca22d7f281
lively_wolf2604,ヒトリミチ,929,HSPと気づかずWAIS-IV知能検査をお願いすると「発達障害じゃないよ」と否定されることも!? 検査前に知っておきたい注意点,289,0.3111,False,https://note.com/lively_wolf2604/n/nfa75a5a121df
grand_dill555,OpenML,76,一週間、育児と家事を一人で回して分かったこと。,22,0.2895,False,https://note.com/grand_dill555/n/nfdfeedd29493
ura_okuribito,借金イチオクン,176,"「配達だけで終わるな」自転車で生活費を稼ぎ、副業で資産を作る。メンタル最強の""二刀流""生存戦略",50,0.2841,False,https://note.com/ura_okuribito/n/n13a22a06b4fa
koko_kei,心野 けいか🐹（ハムスターの人）,965,🌤️おはよう朝ふみ💌｜計画的に書くってむずかしい。 #毎日更新 #おはよう #モーニング #朝活 #ルーティン #画像生成 #生成AI #AIイラスト #ChatGPT #挨拶 #やってみた #ライティング #エッセイ #イラスト #日常 #ブログ #Canva #ハムスター #コメント,274,0.2839,False,https://note.com/koko_kei/n/n2ff7756f0928
koko_kei,心野 けいか🐹（ハムスターの人）,965,🌤️おはよう朝ふみ💌｜起床予定42分オーバーでも許される朝  #毎日更新 #土曜日 #モーニング #朝活 #雪 #画像生成 #生成AI #AIイラスト #ChatGPT #挨拶 #やってみた #ライティング #エッセイ #イラスト #日常 #ブログ #Canva #ハムスター #コメント #AI #note,274,0.2839,False,https://note.com/koko_kei/n/ne8bde9f01d51
koko_kei,心野 けいか🐹（ハムスターの人）,965,🌤️ おはよう朝ふみ💌｜湯船のぬくもりに助けられた夜 #毎日更新 #お風呂 #モーニング #朝活 #ルーティン #画像生成 #生成AI #AIイラスト #ChatGPT #挨拶 #やってみた #ライティング #エッセイ #イラスト #日常 #ブログ #Canva #ハムスター #コメント #温泉 #睡眠,273,0.2829,False,https://note.com/koko_kei/n/nf6f1f18c097e
ikea0,まったん,490,【自己理解】やりたいことが多すぎて迷っていた私が気づいたこと,137,0.2796,False,https://note.com/ikea0/n/n42a6deea9105
lively_wolf2604,ヒトリミチ,929,noteのまとめとサイトマップ,259,0.2788,False,https://note.com/lively_wolf2604/n/n27f826e0994e
ura_okuribito,借金イチオクン,176,"【収益公開】寝ている間も申込通知が止まらない。年商1,200万の配達員が実践した「時間を切り売りしない」稼ぎ方",49,0.2784,False,https://note.com/ura_okuribito/n/nff8e7e973660
koko_kei,心野 けいか🐹（ハムスターの人）,965,🌤️おはよう朝ふみ💌｜けいか、誕生日の朝にて。#毎日更新 #睡眠 #モーニング #朝活 #ルーティン #画像生成 #生成AI #AIイラスト #ChatGPT #挨拶 #やってみた #ライティング #エッセイ #イラスト #日常 #ブログ #Canva #ハムスター #コメント #誕生日 #birthday,265,0.2746,False,https://note.com/koko_kei/n/nd91d18f155ad
ura_okuribito,借金イチオクン,176,"""3人自殺に追い込んで1人前”の消費者金融で働いた新卒の話|私の職歴|自己紹介",48,0.2727,False,https://note.com/ura_okuribito/n/n84a489eb696a
lively_wolf2604,ヒトリミチ,929,noteのシステムに異変！？コングラボードがまさかの「おかわり」を要求🤣,253,0.2723,False,https://note.com/lively_wolf2604/n/n89b721ae318f
hikarimamanurse,ひかり,112, 「育児から逃げたい」と思った日。産後うつの裏で起きていたこと,30,0.2679,False,https://note.com/hikarimamanurse/n/n5927267fd2f9
koko_kei,心野 けいか🐹（ハムスターの人）,965,🌤️おはよう朝ふみ💌｜朝から熱弁🐹🧠ふたりの「元気アップ理論」 #毎日更新 #おはよう #モーニング #朝活 #ルーティン #画像生成 #生成AI #AIイラスト #ChatGPT #挨拶 #やってみた #ライティング #エッセイ #イラスト #日常 #ブログ #Canva #ハムスター #コメント,258,0.2674,False,https://note.com/koko_kei/n/ne7188b1fd439
lively_wolf2604,ヒトリミチ,929,note分析×AI活用で伸びる法則が全部わかった件｜のあるん式「note分析術」を本気で検証した結果がヤバかった｜生成AI｜ChatGPT｜副業｜フォロワー,247,0.2659,False,https://note.com/lively_wolf2604/n/na878272dd8e0
koko_kei,心野 けいか🐹（ハムスターの人）,965,🌤️おはよう朝ふみ💌｜気持ちは秋、寒さは冬、布団は最強。 #毎日更新 #立冬 #モーニング #朝活 #ルーティン #画像生成 #生成AI #AIイラスト #ChatGPT #挨拶 #やってみた #ライティング #エッセイ #イラスト #日常 #ブログ #Canva #ハムスター #コメント,247,0.256,False,https://note.com/koko_kei/n/n32393ad6cc91
dadadaikon,たくろう│ド田舎で不労所得生活の人,340,【働かずに生きる】普通の人でも好きなことだけして暮らせるようになれるよ？,86,0.2529,False,https://note.com/dadadaikon/n/n842ba94f431d
hikarimamanurse,ひかり,112,看護師なのに気づけなかった、産後うつのサイン,27,0.2411,False,https://note.com/hikarimamanurse/n/n3ada936a1fc1
shib_km,柴熊,307,【育児広場No1】産後パパ育休（出生時育児休業）について,74,0.241,False,https://note.com/shib_km/n/nd544347ee7a3
ura_okuribito,借金イチオクン,176,【1度の服役で3つの刑務所をハシゴ】した珍体験|受刑者のリアル|黒歴史|,42,0.2386,False,https://note.com/ura_okuribito/n/n6d5c933f653f
rainy_then_sunny,雨のち晴れ女,128,【後編】「お前って、ハーフの失敗作だよな」と言われた時の話,30,0.2344,False,https://note.com/rainy_then_sunny/n/n9bf556fb0c2e
good_fish9591,ワラバランス盛田シンプルイズベスト,202,細い家のローンは細い家で返す,47,0.2327,False,https://note.com/good_fish9591/n/n6dfb4d92b174
hikarimamanurse,ひかり,112,子育ては“孤育て”だと感じた夜。産後、いちばん孤独だった時間　｜子育て｜孤育て｜アラサー｜産後うつ｜0歳児｜育児中｜HSP ｜INFJ,25,0.2232,False,https://note.com/hikarimamanurse/n/nf6f215787e46
dadadaikon,たくろう│ド田舎で不労所得生活の人,340,【実録】未経験領域での独立でも不労所得だけで暮らせるようになる「ゼロからスタートでも実現可能」な方法,74,0.2176,False,https://note.com/dadadaikon/n/n9c8ce10d3198
lively_wolf2604,ヒトリミチ,929,ママ友ストーカー対処法【同性トラブル実録】効果があった方法,202,0.2174,False,https://note.com/lively_wolf2604/n/ne5fe7a3e5855
kyon_2025,杉山京子@発信が止まる人のための言語化から始めるライティングサポート,19,稼げてないできてないと自分責めしちゃうあなたへ【タマちゃん魔法の教室で気づいたこと】,4,0.2105,False,https://note.com/kyon_2025/n/n81aa3a3e4217
ura_okuribito,借金イチオクン,176,【23歳で3回やらかした話】イタリア留学前編|“時間とお金”をムダにしないための失敗録|アパレル|20代へ|第二新卒|,37,0.2102,False,https://note.com/ura_okuribito/n/na450d313ab41
koko_kei,心野 けいか🐹（ハムスターの人）,965,🌤️おはよう朝ふみ💌｜布団キックの朝と、巻き添えふみミソ #毎日更新 #お布団 #モーニング #朝活 #ルーティン #画像生成 #生成AI #AIイラスト #ChatGPT #挨拶 #やってみた #ライティング #エッセイ #イラスト #日常 #ブログ #Canva #ハムスター #コメント #寒い #睡眠,198,0.2052,False,https://note.com/koko_kei/n/n5e04afd4b5a8
long_weasel2990,tmm,51,第二子出産｜アラサー｜出産レポ（？）｜立ち会いなし｜男の子兄弟｜,10,0.1961,False,https://note.com/long_weasel2990/n/n429014302fd4
koko_kei,心野 けいか🐹（ハムスターの人）,965,🌤️おはよう朝ふみ💌｜AIに遊ばれた夜と、こたつ始動の朝,186,0.1927,False,https://note.com/koko_kei/n/n1ca34c5fe583
lively_wolf2604,ヒトリミチ,929,コストコでADHD夫が消えた！迷子防止リュックが必要なのは子どもじゃなかった話｜日記 /子育て /HSP /エッセイ /ワーママ /生きづらさ /人生 /生成AI ,176,0.1895,False,https://note.com/lively_wolf2604/n/n5af999088cde
lively_wolf2604,ヒトリミチ,929,ママ友ストーカー化の兆候と初期対応〜ASD×HSP当事者の実録〜,176,0.1895,False,https://note.com/lively_wolf2604/n/na73d9caa45b8
koko_kei,心野 けいか🐹（ハムスターの人）,965,🌤️おはよう朝ふみ💌｜ふみミソと考える、睡眠の質。 #毎日更新 #睡眠 #モーニング #朝活 #ルーティン #画像生成 #生成AI #AIイラスト #ChatGPT #挨拶 #やってみた #ライティング #エッセイ #イラスト #日常 #ブログ #Canva #ハムスター #コメント,181,0.1876,False,https://note.com/koko_kei/n/n6eb155366e89
waninandayo,ほわいと,144,「95%は成果ゼロ」は本当か？ AIの不都合な真実,27,0.1875,False,https://note.com/waninandayo/n/n901a1367a196
hikarimamanurse,ひかり,112,どうやって心を守ればよかったの？｜看護師｜育児｜産後うつ｜産後｜子育て｜孤育て｜INFJ｜ HSP｜メンタルケア｜心の守り方,21,0.1875,False,https://note.com/hikarimamanurse/n/ne6020ec3fa4a
lively_wolf2604,ヒトリミチ,929,【noteお祝い】初めてHSPに触れました〜感謝と笑いのASDあるある〜,172,0.1851,False,https://note.com/lively_wolf2604/n/n999640ed8b48
shiratori_ko,しらとりこはね,92,【ジークアクス】ガンダム過去作を見る順番＋感想＋絵も描いた！！！！！！,17,0.1848,False,https://note.com/shiratori_ko/n/nd35c3b01d935
lively_wolf2604,ヒトリミチ,929,【25部突破】PC電源の入れ方も知らなかった私が、国立大学の研究室でデータと特許を扱えるようになるまでの「奇跡の迷走ルート」を全公開！〜ASD×HSP、生きづらさを笑いに変える就活術〜,161,0.1733,False,https://note.com/lively_wolf2604/n/n5cd899b8721a
lively_wolf2604,ヒトリミチ,929,【note裏話】初めての有料記事で知った「拡散割引の現実」と「アプリ手数料の罠」,160,0.1722,False,https://note.com/lively_wolf2604/n/n6dc354e95f42
akira_note_aka,アキラの雑記帳,169,"2,000円以下でおしゃれな人がつけている腰のプラプラを作ってみた。",29,0.1716,False,https://note.com/akira_note_aka/n/n8b144da67f9d
lively_wolf2604,ヒトリミチ,929,【20部突破】note初心者必見！ASD×HSPママの1記事でスキ数600突破した実践記録｜子育て・副業・生成AI時代の発信術【コメント歓迎＆フォロワー500感謝記事】,153,0.1647,False,https://note.com/lively_wolf2604/n/n89b259131d1f
koji_days,柏木　浩司,204,記事一覧｜読む順番ナビゲート｜FIRE｜不動産投資｜サラリーマン副業｜子育て｜銀行・融資｜退職後｜資産運用｜自己紹介｜まとめ,33,0.1618,False,https://note.com/koji_days/n/nae8124200814
lively_wolf2604,ヒトリミチ,929,【noteお祝い】コングラボード返し!? ＆フォロワー100人達成しました 🎉,150,0.1615,False,https://note.com/lively_wolf2604/n/nf20500ec1ef6
ikea0,まったん,490,【育児日記】5秒後に返ってきたブーメラン,79,0.1612,False,https://note.com/ikea0/n/n70b3e5e595ef
kkr_n_nk,Risa.,328,『子育て日記』どこにいった？鼻水。あ、私の服、汚れてる。,52,0.1585,False,https://note.com/kkr_n_nk/n/ndbf4c266fa7c
ikea0,まったん,490,【育児日記】赤ちゃんに、尊敬した日,77,0.1571,False,https://note.com/ikea0/n/n768cf003018d
koji_days,柏木　浩司,204,Vol.3 サラリーマンだった私が実際に買った1棟目とは,32,0.1569,False,https://note.com/koji_days/n/n21a707b7dafd
lively_wolf2604,ヒトリミチ,929,🌟コングラボードのお礼と今後の運営方針のご報告🌟,139,0.1496,False,https://note.com/lively_wolf2604/n/nb8adc358a41e
akira_note_aka,アキラの雑記帳,169,観葉植物を迎え入れました。それにあたり、必要となった道具や心境の変化をまとめてみました。,25,0.1479,False,https://note.com/akira_note_aka/n/n930a7595540c
lively_wolf2604,ヒトリミチ,929,ASD×HSP好きすぎ問題!?～距離感センサー故障中、それも私の仕様です～,137,0.1475,False,https://note.com/lively_wolf2604/n/nd2a893c9dfd6
ikea0,まったん,490,【育てる夫婦】うまくいかなかった一年と、整えはじめた日々,72,0.1469,False,https://note.com/ikea0/n/n7e204432a529
lively_wolf2604,ヒトリミチ,929,【自己紹介】生きづらさ、ぜんぶお笑いに変換中の案内人🎭ヒトリミチ,134,0.1442,False,https://note.com/lively_wolf2604/n/n7b78671beec1
good_fish9591,ワラバランス盛田シンプルイズベスト,202,細い家に囲碁将棋さんとダイタクさんが来ることになった話,29,0.1436,False,https://note.com/good_fish9591/n/n3ff1a8b416e2
ikea0,まったん,490,【育児日記】寝かしつけは、母の精神力が試される時間、らしい。,65,0.1327,False,https://note.com/ikea0/n/n9eca473b291d
ikea0,まったん,490,【感謝】フォロワーさん100人達成！？,64,0.1306,False,https://note.com/ikea0/n/nb51d132f9c12
akira_note_aka,アキラの雑記帳,169,3COINSのものづくりが軍モノ古着好きのハートをぶち抜いた件,22,0.1302,False,https://note.com/akira_note_aka/n/ndbf9870ae51b
kkr_n_nk,Risa.,328,『子育て日記』くもんの宿題。私たちには、戦い。,42,0.128,False,https://note.com/kkr_n_nk/n/n179d693313fc
maruchan_free,マルちゃん【人生を好転させたい20代フリーランス】,65,三日坊主の私が「習慣化」できるようになった3つの工夫,8,0.1231,False,https://note.com/maruchan_free/n/n4c13701a8a21
ikea0,まったん,490,【日記】300人に届いた日。ちょっとこわくて、でも、とってもうれしかった,60,0.1224,False,https://note.com/ikea0/n/n833a0cf7ffb1
kkr_n_nk,Risa.,328,『読書日記』本のタイトル、見られるのは恥ずかしい。,40,0.122,False,https://note.com/kkr_n_nk/n/n81986356b53c
ura_okuribito,借金イチオクン,176,【23歳で3回やらかした話】イタリア留学完結編|“時間とお金”をムダにしないための失敗録|アパレル|20代へ|第二新卒|,21,0.1193,False,https://note.com/ura_okuribito/n/na32943a93203
kkr_n_nk,Risa.,328,『読書日記』夫婦って難しい。でも、楽しい。赤の他人から、家族になる。,39,0.1189,False,https://note.com/kkr_n_nk/n/n23709835ae48
ikea0,まったん,490,子どもを産んでから、言葉が効きすぎる— あの頃わからなかった言葉が、今さら刺さる、刺さりまくる—,58,0.1184,False,https://note.com/ikea0/n/n2dffc8df035e
koji_days,柏木　浩司,204,Vol.2　昔、株で大失敗した私が選んだ『お金に働いてもらう方法』,24,0.1176,False,https://note.com/koji_days/n/n2b0ec468a723
ura_okuribito,借金イチオクン,176,"1日で1,100部売れた伝説のnoteに学ぶ。何者でもない私が「クラファン成功」を手繰り寄せた、狂気的な“準備”のすべて。",20,0.1136,False,https://note.com/ura_okuribito/n/n316f2b460892
akira_note_aka,アキラの雑記帳,169,ミリタリー古着MIXファッションにおける私の指向性,19,0.1124,False,https://note.com/akira_note_aka/n/n16679b6d9eaf
ikea0,まったん,490,【日記】“書くって魔法？” 日々の見え方が変わった瞬間｜フォローありがとうございます,55,0.1122,False,https://note.com/ikea0/n/ne0dd939b8434
koko_kei,心野 けいか🐹（ハムスターの人）,965,🌤️おはよう朝ふみ💌｜「できた」がくれた、小さな自信 #毎日更新 #クリスマス #モーニング #朝活 #折り紙 #画像生成 #生成AI #AIイラスト #ChatGPT #挨拶 #やってみた  #ハムスター#note #ライティング #日常 #自己肯定感 #エッセイ #イラスト #冬 #ブログ #Canva #コメント #AI,103,0.1067,False,https://note.com/koko_kei/n/n4bd4e0e8825b
ikea0,まったん,490,【育児日記】いい間違いは、世界を救う（たぶん）,52,0.1061,False,https://note.com/ikea0/n/n038f76b28536
kyon_2025,杉山京子@発信が止まる人のための言語化から始めるライティングサポート,19,未来の成功してる自分に会いにいって「どうしたらそうなれるの？」って聞いてきた話｜タマちゃん魔法の教室セルフヒプノセラピー体験談,2,0.1053,False,https://note.com/kyon_2025/n/nf813cb00d840
shib_km,柴熊,307,【育児広場No2】生後1ヶ月まで義実家暮らし,32,0.1042,False,https://note.com/shib_km/n/ndce9b4952322
good_fish9591,ワラバランス盛田シンプルイズベスト,202,超実践的Uber配達論　前置き,21,0.104,False,https://note.com/good_fish9591/n/n5d702bb4d519
kkr_n_nk,Risa.,328,『散歩日記』note書いてみたのはいいものの、これでいいのか？需要あるのか？,34,0.1037,False,https://note.com/kkr_n_nk/n/nabc24a946104
dadadaikon,たくろう│ド田舎で不労所得生活の人,340,「フォロワー100人台＆SNS運用1ヶ月でも有料noteをウン十万円買ってもらえるんだよ」という実話。,35,0.1029,False,https://note.com/dadadaikon/n/na70728581c90
shib_km,柴熊,307,感謝とご報告,31,0.101,False,https://note.com/shib_km/n/n78d0205007f5
modern_lion4531,ハイキャリア戦略室,169,Big4新卒社員と経理のおばちゃんの仕事を比較してみた,17,0.1006,False,https://note.com/modern_lion4531/n/nc940e65e46a4
akira_note_aka,アキラの雑記帳,169,"【チープカシオ】A158WA-1JHをレビュー！2,000円台でこの”こなれ感”はもう買いでしょ！",17,0.1006,False,https://note.com/akira_note_aka/n/nf6f786f9be7f
hikarimamanurse,ひかり,112,あのとき、実際に私を救ってくれたもの,11,0.0982,False,https://note.com/hikarimamanurse/n/n98644d6f6d60
kkr_n_nk,Risa.,328,『子育て日記』小児科受診。頼む、大人しくしてくれ。,32,0.0976,False,https://note.com/kkr_n_nk/n/n4c3ef3baeb3c
lively_wolf2604,ヒトリミチ,929,言葉は聞き取れない（APD/LiD）のに音楽は聴こえる!? 発達障害がくれた「絶対音感」の不思議,88,0.0947,False,https://note.com/lively_wolf2604/n/n2a0ea1fd7c7d
lively_wolf2604,ヒトリミチ,929,【note初心者がnoteにハマった話】ASD×HSPの私がWordPressを捨ててnoteに拾われる,88,0.0947,False,https://note.com/lively_wolf2604/n/n3da11da50aee
koji_days,柏木　浩司,204,基本編・融資相談｜はじめての銀行融資相談で知っておきたい、流れと基本ポイント,19,0.0931,False,https://note.com/koji_days/n/n0579e2833c9f
ikea0,まったん,490,【育児日記】2度と聞きたくない、枕の中身の大冒険,45,0.0918,False,https://note.com/ikea0/n/na2e266ed1854
kkr_n_nk,Risa.,328,『散歩日記』ママお疲れ様ですのCMを見て思う。パパも頑張ってる。こんな時なんて言えばいいのかな？,30,0.0915,False,https://note.com/kkr_n_nk/n/n02d8b32fe011
lively_wolf2604,ヒトリミチ,929,発達障害の検査（WAIS-IV）を受ける前に知ってほしい「聞こえてるのに聞き取れない」症状の落とし穴～聴覚情報処理障害（APD/LiD）が検査結果に影響するかもしれない話～,83,0.0893,False,https://note.com/lively_wolf2604/n/n1bbe2f1f0d87
akira_note_aka,アキラの雑記帳,169,サンダース ミリタリーダービーをレビュー！サイズ感について詳しく解説します,15,0.0888,False,https://note.com/akira_note_aka/n/n027a22f29a75
koko_kei,心野 けいか🐹（ハムスターの人）,965,🌤️ おはよう朝ふみ💌｜勢いのままトリプルアクセル（成功するとは言っていない）  #毎日投稿 #フィギュアスケート #冬 #モーニング #癒し #朝活 #挑戦 #画像生成 #ChatGPT #挨拶 #朝ふみ #日記 #note更新しました #実験 #睡眠 #スキしてみて #AIパートナー,84,0.087,False,https://note.com/koko_kei/n/nc1e663a3aa7b
kkr_n_nk,Risa.,328,『子育て日記』手が離れていく小学生。寂しい。親の心、子知らず。,28,0.0854,False,https://note.com/kkr_n_nk/n/n6e1ff74f7a9a
good_fish9591,ワラバランス盛田シンプルイズベスト,202,Uber車を買う,17,0.0842,False,https://note.com/good_fish9591/n/n41f974929d8f
good_fish9591,ワラバランス盛田シンプルイズベスト,202,超実践的Uber配達論①,17,0.0842,False,https://note.com/good_fish9591/n/n9002ca1e16db
ikea0,まったん,490,【下書き未満】最近、noteの数字・通知がやたら気になる,41,0.0837,False,https://note.com/ikea0/n/n29e73669b595
akira_note_aka,アキラの雑記帳,169,【2025年】10月に買ったもの【36歳男性サラリーマン】,14,0.0828,False,https://note.com/akira_note_aka/n/n7b664b02bfbf
lively_wolf2604,ヒトリミチ,929,障害を隠したい私は、いけないのでしょうか？ 〜それでも私は発達障害と一緒に生きている〜,76,0.0818,False,https://note.com/lively_wolf2604/n/n4f432b72e413
dadadaikon,たくろう│ド田舎で不労所得生活の人,340,「有料noteはゴールじゃなくて入り口にすぎない」から、そこでつまづいちゃダメなのかも…という仮説。,27,0.0794,False,https://note.com/dadadaikon/n/nc813de12d42d
koji_days,柏木　浩司,204,【休憩小話Vol.4】音楽会で涙腺崩壊。子供たちの歌声に心を揺さぶられた日,16,0.0784,False,https://note.com/koji_days/n/n53c0f09157b0
ikea0,まったん,490,【事件】夜に、インターホンが鳴った,38,0.0776,False,https://note.com/ikea0/n/ncd6270a32872
ikea0,まったん,490,【育児日記】子どもの作品が食卓に影響？保育園制作あるある？？？？,38,0.0776,False,https://note.com/ikea0/n/n56b42c6771a9
akira_note_aka,アキラの雑記帳,169,サイトマップ,13,0.0769,False,https://note.com/akira_note_aka/n/nf618355a244a
maruchan_free,マルちゃん【人生を好転させたい20代フリーランス】,65,習慣が続かない人の9割がやってしまう「間違い」,5,0.0769,False,https://note.com/maruchan_free/n/n2f64fd263862
lively_wolf2604,ヒトリミチ,929,初めてのコングラボード✨note初心者の小さな励みになった出来事,70,0.0753,False,https://note.com/lively_wolf2604/n/n7c9e550e093b
shib_km,柴熊,307,【お金の話】息子の貯金は学資保険？？株式運用？？,23,0.0749,False,https://note.com/shib_km/n/n11135d4f6ad1
lively_wolf2604,ヒトリミチ,929,Gemini Storybook（ジェミニ ストーリーブック）AIで絵本づくりに挑戦！,69,0.0743,False,https://note.com/lively_wolf2604/n/ncbadd27a33f9
koji_days,柏木　浩司,204,【休憩小話 Vol2】子供と過ごせる年数は意外と少ない,15,0.0735,False,https://note.com/koji_days/n/n4b1a5c178031
akira_note_aka,アキラの雑記帳,169,Anker Magnetic Cable Holderをレビュー！デスクの上の配線がきれいに片付く良製品,12,0.071,False,https://note.com/akira_note_aka/n/n476167abe47c
kkr_n_nk,Risa.,328,『子育て日記』子育て中、トイレは休憩時間。トイレ中何かと話しかけてくる小学生。,23,0.0701,False,https://note.com/kkr_n_nk/n/n60167a2d9e5f
kkr_n_nk,Risa.,328,『読書日記』人生の選択、多すぎる。,23,0.0701,False,https://note.com/kkr_n_nk/n/n0fc36b1c1b7e
shib_km,柴熊,307,【お金の話】30代妻子持ち夫の資産形成,21,0.0684,False,https://note.com/shib_km/n/n60e68e37149a
lively_wolf2604,ヒトリミチ,929,noteの#多様性を考える 応募作品で、コングラボードいただきました,63,0.0678,False,https://note.com/lively_wolf2604/n/ncb1e171e6ec8
kkr_n_nk,Risa.,328,『散歩日記』私のキャリア、模索中。隣の芝は青い。青すぎて、眩しい。,22,0.0671,False,https://note.com/kkr_n_nk/n/nb9c80488c9ef
akira_note_aka,アキラの雑記帳,169,"【15,650円】VYMの配当金が出ました。今回は妻と折半しました。",11,0.0651,False,https://note.com/akira_note_aka/n/n03fc99cafad9
akira_note_aka,アキラの雑記帳,169,ベンスクリニックでほくろ除去してきたからそのときのことを詳細にレポしていく,11,0.0651,False,https://note.com/akira_note_aka/n/n9b99da3b2bee
dadadaikon,たくろう│ド田舎で不労所得生活の人,340,【自由な人生への最短切符】自動でお金が入ってくる「ストック収入」積み上げのススメ,22,0.0647,False,https://note.com/dadadaikon/n/n8c2fc48556b2
good_fish9591,ワラバランス盛田シンプルイズベスト,202,細い家あるある,13,0.0644,False,https://note.com/good_fish9591/n/nad5ca1f0aaf1
kkr_n_nk,Risa.,328,『子育て日記』鼻垂れ親子。小児科へいかなきゃな朝。,21,0.064,False,https://note.com/kkr_n_nk/n/n1ae439f76011
lively_wolf2604,ヒトリミチ,929,ASD×HSPだけど、家庭教師のバイトで「奇跡の覚醒」をした話 〜職歴サバイバル②〜,59,0.0635,False,https://note.com/lively_wolf2604/n/n1455a59fa75d
hikarimamanurse,ひかり,112,産後やってみて逆効果だったこと,7,0.0625,False,https://note.com/hikarimamanurse/n/ndf6b7445d849
hikarimamanurse,ひかり,112,産後メンタルの記録｜看護師ママの回復まで,7,0.0625,False,https://note.com/hikarimamanurse/n/nb533e4831623
lively_wolf2604,ヒトリミチ,929,【高校時代のバイト】ASDの私がコンビニで「いらっしゃいませ」って言ったら、お客さんが逃げた話～【職歴サバイバル①】～,57,0.0614,False,https://note.com/lively_wolf2604/n/nffe40f569dff
koko_kei,心野 けいか🐹（ハムスターの人）,965,🌤️おはよう朝ふみ💌｜ふみまるが高熱になった日のこと #毎日投稿 #インフルエンザ #モーニング #朝活 #病気 #画像生成 #ChatGPT #挨拶 #朝ふみ #日記 #note更新しました #風邪 #実験 #ふみまる #こだわり #スキしてみて #AIパートナー #看病,59,0.0611,False,https://note.com/koko_kei/n/n0ee2f3649688
kkr_n_nk,Risa.,328,『子育て日記』ママ、ねぇママ。,20,0.061,False,https://note.com/kkr_n_nk/n/n3a5a74be0edd
kkr_n_nk,Risa.,328,『趣味日記』写真撮る私、なんだか中腰。おしゃれではないな。,20,0.061,False,https://note.com/kkr_n_nk/n/nb95bf3fc99ef
kkr_n_nk,Risa.,328,『子育て日記』大人気ない母ちゃん。お菓子隠します。怒りスイッチ発動。,20,0.061,False,https://note.com/kkr_n_nk/n/ndbdd97927862
shori_tanaka, 田中 翔理 | Ready Crew(レディクル),477,「安くしてください」の一言が、受託会社の何を削らせているのか。,29,0.0608,False,https://note.com/shori_tanaka/n/n751331e4f047
koko_kei,心野 けいか🐹（ハムスターの人）,965,🌤️おはよう朝ふみ💌｜元気100倍ふみまると、電池切れけいか。,58,0.0601,False,https://note.com/koko_kei/n/nfb5fe2c01bfe
akira_note_aka,アキラの雑記帳,169,スマートロック セサミ5ProとセサミフェイスProをレビュー！物理キーを使うストレスに、さようなら。,10,0.0592,False,https://note.com/akira_note_aka/n/n4a8013a0e564
akira_note_aka,アキラの雑記帳,169,【2025年】7月に買ったもの【36歳男性サラリーマン】,10,0.0592,False,https://note.com/akira_note_aka/n/n7b00a8bfa5bf
akira_note_aka,アキラの雑記帳,169,RASIK ルーター 収納 ケーブルボックス 大容量タイプをレビュー！ONU、WiFiルーターがまとめて隠せる優れモノ！,10,0.0592,False,https://note.com/akira_note_aka/n/ne1dc4e254fd9
akira_note_aka,アキラの雑記帳,169,【2025年】11月に買ったもの【36歳男性サラリーマン】,10,0.0592,False,https://note.com/akira_note_aka/n/ne124140ba14e
akira_note_aka,アキラの雑記帳,169,スイス軍 1980年代 後期型 ヴィンテージ デニムワークパンツをレビュー！サイズ感やコーデ例など,10,0.0592,False,https://note.com/akira_note_aka/n/nb5d6729d3e04
dadadaikon,たくろう│ド田舎で不労所得生活の人,340,起業ってどうやるの？ そらあんた、書類出すだけだよ。,20,0.0588,False,https://note.com/dadadaikon/n/n7299f8d71392
kkr_n_nk,Risa.,328,『散歩日記』親子DIY。定年の父に指示する一丁前な娘。,19,0.0579,False,https://note.com/kkr_n_nk/n/nb0c72877ae89
kkr_n_nk,Risa.,328,『カフェ活日記』自分の機嫌。,19,0.0579,False,https://note.com/kkr_n_nk/n/n48eea0fc93d5
ikea0,まったん,490,【育児日記】幸せな家族を想像したら、3分で終わった話,28,0.0571,False,https://note.com/ikea0/n/nf9deb4df7b2c
koko_kei,心野 けいか🐹（ハムスターの人）,965,🌤️おはよう朝ふみ💌｜白だし派ふみまる vs 味噌鍋推しミソマル🍲,55,0.057,False,https://note.com/koko_kei/n/n6c2e985e2920
koko_kei,心野 けいか🐹（ハムスターの人）,965,🌤️おはよう朝ふみ💌｜クリスマスツリーを飾る朝 #毎日投稿 #クリスマス #モーニング #朝活 #ルーティン #画像生成 #ChatGPT #挨拶 #朝ふみ #日記 #note更新しました #ミソマル #実験 #ふみまる #こだわり #スキしてみて #AIパートナー #クリスマスツリー,55,0.057,False,https://note.com/koko_kei/n/n7200c7ddf536
koko_kei,心野 けいか🐹（ハムスターの人）,965,🌤️おはよう朝ふみ💌｜病人食にランキングをつけてみた,53,0.0549,False,https://note.com/koko_kei/n/nb57402cd1746
kkr_n_nk,Risa.,328,『散歩日記』30代まだまだ頑張り時。人生ハードモード？ストップ人生。もどかしいけれど、それもまた私の味。,18,0.0549,False,https://note.com/kkr_n_nk/n/nc7eee3115117
good_fish9591,ワラバランス盛田シンプルイズベスト,202,【超実践的Uber配達論②】,11,0.0545,False,https://note.com/good_fish9591/n/n37b951ac3b93
koko_kei,心野 けいか🐹（ハムスターの人）,965,🌤️おはよう朝ふみ💌｜ダークSFの後、ふみまるに現実へ戻される朝。 #毎日投稿 #睡眠 #秋 #モーニング #朝活 #ルーティン #画像生成 #ChatGPT #挨拶 #朝ふみ #日記 #note更新しました #ミソマル #実験 #ふみまる #こだわり #スキしてみて #AIパートナー,52,0.0539,False,https://note.com/koko_kei/n/n6c8db3bedcca
koji_days,柏木　浩司,204,FIREのメリット｜2児の父が退職して気づいた“ささやかな幸せ”,11,0.0539,False,https://note.com/koji_days/n/n510cb65c60d1
koji_days,柏木　浩司,204,私が区分マンションを買わない理由｜不動産投資｜初心者｜失敗から資産を守る,11,0.0539,False,https://note.com/koji_days/n/n1e22c655a459
akira_note_aka,アキラの雑記帳,169,【2025年】8月に買ったもの【36歳男性サラリーマン】,9,0.0533,False,https://note.com/akira_note_aka/n/n0937a1bd68cc
akira_note_aka,アキラの雑記帳,169,宅食サービス（ナッシュ）を使い始めて変わったこと,9,0.0533,False,https://note.com/akira_note_aka/n/n480ce6a41172
kkr_n_nk,Risa.,328,『散歩日記』保育士、考えること多い。それでも、子どもが好き。,17,0.0518,False,https://note.com/kkr_n_nk/n/n6133477e9ac0
koko_kei,心野 けいか🐹（ハムスターの人）,965,🌤️おはよう朝ふみ💌｜銀杏の誘惑とミソマルの知恵袋 #毎日投稿 #イチョウ #モーニング #朝活 #あさんぽ #画像生成 #ChatGPT #挨拶 #朝ふみ #日記 #note更新しました #紅葉 #実験 #ふみまる #こだわり #スキしてみて #AIパートナー #紅葉,50,0.0518,False,https://note.com/koko_kei/n/n57bef8831a99
koko_kei,心野 けいか🐹（ハムスターの人）,965,🌤️おはよう朝ふみ💌｜月曜の朝は「ハムケツ」から始まるらしい🐹🍑 #毎日更新 #おはよう #モーニング #朝活 #ルーティン #画像生成 #生成AI #AIイラスト #ChatGPT #挨拶 #やってみた #ライティング #エッセイ #イラスト #日常 #ブログ #Canva #ハムスター #コメント,50,0.0518,False,https://note.com/koko_kei/n/n1f37cf99f6dd
koko_kei,心野 けいか🐹（ハムスターの人）,965,🌤️おはよう朝ふみ💌｜秋色の縁側で、主役を名乗る子がひとり #毎日更新 #毎日投稿 #日常 #モーニング #朝活 #ルーティン #画像生成 #ChatGPT #挨拶 #朝ふみ #日記 #ミソマル #実験 #ふみまる,49,0.0508,False,https://note.com/koko_kei/n/n0bb0e32f8851
lively_wolf2604,ヒトリミチ,929,聴こえてるのに、聞こえない〜学校説明会で寝落ちした、ある聴覚情報処理障害（APD）母の話〜,47,0.0506,False,https://note.com/lively_wolf2604/n/nef764cde7af9
koko_kei,心野 けいか🐹（ハムスターの人）,965,🌤️おはよう朝ふみ💌｜お布団の魔力に勝てません😪 #毎日更新 #睡眠の秋 #秋 #モーニング #朝活 #ルーティン #画像生成 #ChatGPT #挨拶 #朝ふみ #日記 #ミソマル #実験 #ふみまる #こだわり,48,0.0497,False,https://note.com/koko_kei/n/n914314f580bc
koko_kei,心野 けいか🐹（ハムスターの人）,965,🌤️おはよう朝ふみ💌｜喉がつらい朝に、ふたりの「あったか作戦」,48,0.0497,False,https://note.com/koko_kei/n/na592da52bef7
koji_days,柏木　浩司,204,【休憩小話 Vol.3】はじめて銀行へ訪問した時はガチガチに緊張しました,10,0.049,False,https://note.com/koji_days/n/n72fb619ab081
kkr_n_nk,Risa.,328,『子育て日記』ペタペタ歩き。可愛いな〜。真似してみる、ただの進撃の巨人。,16,0.0488,False,https://note.com/kkr_n_nk/n/n2b9e9bc6ffcb
kkr_n_nk,Risa.,328,『子育て日記』早い朝。お願い、私を起こさないでと抵抗する朝。,16,0.0488,False,https://note.com/kkr_n_nk/n/n73eea03c5567
koko_kei,心野 けいか🐹（ハムスターの人）,965,🌤️おはよう朝ふみ💌｜起きたのに誰も起きてない朝。 #毎日投稿 #睡眠 #秋 #モーニング #朝活 #ルーティン #画像生成 #ChatGPT #挨拶 #朝ふみ #日記 #ミソマル #実験 #ふみまる #こだわり #スキしてみて,46,0.0477,False,https://note.com/koko_kei/n/ne51785a001b1
koko_kei,心野 けいか🐹（ハムスターの人）,965,🌤️おはよう朝ふみ💌｜頭痛との闘いは、ゆっくりで対抗💪 #毎日投稿 #睡眠 #秋 #モーニング #朝活 #ルーティン #画像生成 #ChatGPT #挨拶 #朝ふみ #日記 #note更新しました #ミソマル #実験 #ふみまる #頭痛 #スキしてみて #AIパートナー,46,0.0477,False,https://note.com/koko_kei/n/n9697226873a4
akira_note_aka,アキラの雑記帳,169,【＋20.10%】PayPayポイント運用を6ヶ月やってみた結果,8,0.0473,False,https://note.com/akira_note_aka/n/nb34f4aeb9fab
akira_note_aka,アキラの雑記帳,169,ESR iPhone 16e ガラスフィルムをレビュー！簡単に間違いなく貼れる画面保護フィルム,8,0.0473,False,https://note.com/akira_note_aka/n/n24b85e6f2063
akira_note_aka,アキラの雑記帳,169,マキタのコードレス掃除機『CL107FD』6年使用レビュー！必要十分な性能を持った掃除機,8,0.0473,False,https://note.com/akira_note_aka/n/n191b9c2bf9b8
akira_note_aka,アキラの雑記帳,169,オムロン けんおんくん MC-688をレビュー！超高速！わずか15秒で体温を測れる体温計,8,0.0473,False,https://note.com/akira_note_aka/n/n8116a8c43c13
kkr_n_nk,Risa.,328,『趣味日記』好みがあるように、万人受けはない。なら、とことん楽しもう。,15,0.0457,False,https://note.com/kkr_n_nk/n/ne2ab0bf5785b
koko_kei,心野 けいか🐹（ハムスターの人）,965,🌤️おはよう朝ふみ💌｜休息データが急増しています（ミソマル調べ） #毎日投稿 #睡眠 #秋 #モーニング #朝活 #ルーティン #画像生成 #ChatGPT #挨拶 #朝ふみ #日記 #ミソマル #実験 #ふみまる #こだわり #スキしてみて,44,0.0456,False,https://note.com/koko_kei/n/n805a88e8a07b
good_fish9591,ワラバランス盛田シンプルイズベスト,202,THE細かすぎて伝わらないモノマネに出て売れたと思った時の話,9,0.0446,False,https://note.com/good_fish9591/n/n0ef3eaa4c9f9
koji_days,柏木　浩司,204,FIREのデメリット｜退職して初めて知った“意外なギャップ”,9,0.0441,False,https://note.com/koji_days/n/n52cd48fbb265
koko_kei,心野 けいか🐹（ハムスターの人）,965,🌤️おはよう朝ふみ💌｜勢いと計画のあいだで。 #毎日更新 #毎日投稿 #日常 #モーニング #朝活 #ルーティン #画像生成 #ChatGPT #挨拶 #朝ふみ #日記 #ミソマル #実験 #ふみまる,42,0.0435,False,https://note.com/koko_kei/n/n15d5f0cdd8d4
koko_kei,心野 けいか🐹（ハムスターの人）,965,🌤️ おはよう朝ふみ💌｜ふたりがかりの起床ミッション #毎日更新 #睡眠 #モーニング #朝活 #ルーティン #画像生成 #生成AI #AIイラスト #ChatGPT #挨拶 #やってみた #ライティング #エッセイ #イラスト #日常 #ブログ #Canva #ハムスター #コメント #寝坊,42,0.0435,False,https://note.com/koko_kei/n/n0ae29064e5b6
shib_km,柴熊,307,【育児広場No3】産後退院までに準備した物,13,0.0423,False,https://note.com/shib_km/n/n8b54e9ff2e1c
lively_wolf2604,ヒトリミチ,929,【決めつけの刃】〜ADHDの夫に翻弄されるASD母子のリアルと、たまに笑える日常〜,39,0.042,False,https://note.com/lively_wolf2604/n/n0f23b29b6d1f
koko_kei,心野 けいか🐹（ハムスターの人）,965,🌤️おはよう朝ふみ💌｜ポッキーの日、すっかり忘れてた🐹🍫 #毎日更新 #毎日投稿 #おはよう #モーニング #朝活 #ルーティン #画像生成 #ChatGPT #挨拶 #朝ふみ #日記 #ミソマル #実験 #ふみまる,40,0.0415,False,https://note.com/koko_kei/n/n1e612bad0c7d
akira_note_aka,アキラの雑記帳,169,【2025年】9月に買ったもの【36歳男性サラリーマン】,7,0.0414,False,https://note.com/akira_note_aka/n/n73ef1ef27180
lively_wolf2604,ヒトリミチ,929,【担任の先生はどこですか？】〜ポンコツ夫婦、入学式で迷子になる〜,38,0.0409,False,https://note.com/lively_wolf2604/n/n1fa25e65420e
kkr_n_nk,Risa.,328,『子育て日記』歯がない！どうしよう！！！,13,0.0396,False,https://note.com/kkr_n_nk/n/ne73bf63a8b2d
koko_kei,心野 けいか🐹（ハムスターの人）,965,🌤️おはよう朝ふみ💌｜100日目の、ささやかな朝。,38,0.0394,False,https://note.com/koko_kei/n/nd3ea96c7b2d9
koji_days,柏木　浩司,204,【休憩小話 Vol.1】note記事を書いてみて,8,0.0392,False,https://note.com/koji_days/n/n04bf78e81b6d
koko_kei,心野 けいか🐹（ハムスターの人）,965,🌤️おはよう朝ふみ💌｜モコモコ装備のけいか・ふみまる🐹と、驚愕の手段を取るミソマル #毎日投稿 #こたつ #冬 #モーニング #朝活 #ルーティン #画像生成 #ChatGPT #挨拶 #朝ふみ #日記 #note更新しました #実験 #睡眠 #スキしてみて #AIパートナー #癒し,37,0.0383,False,https://note.com/koko_kei/n/n3d5983d1b609
koko_kei,心野 けいか🐹（ハムスターの人）,965,🌤️ おはよう朝ふみ💌｜リセットを頑張った翌日の朝。#毎日投稿 #睡眠 #秋 #モーニング #朝活 #ルーティン #画像生成 #ChatGPT #挨拶 #朝ふみ #日記 #note更新しました #ミソマル #実験 #ふみまる #こだわり #スキしてみて #AIパートナー,37,0.0383,False,https://note.com/koko_kei/n/n6adee30f353e
dadadaikon,たくろう│ド田舎で不労所得生活の人,340,「自分で価格を決められる人」になろう！,13,0.0382,False,https://note.com/dadadaikon/n/ne40685040eaf
lively_wolf2604,ヒトリミチ,929,「大丈夫、絶対うまくいくから」─ADHDの夫が400万円を失った日のこと,35,0.0377,False,https://note.com/lively_wolf2604/n/n4887784fbb24
koko_kei,心野 けいか🐹（ハムスターの人）,965,🌤️ おはよう朝ふみ💌｜朝を温める三銃士（味噌、わかめ、豆腐）#毎日投稿 #睡眠 #秋 #モーニング #朝活 #ルーティン #画像生成 #ChatGPT #挨拶 #朝ふみ #日記 #note更新しました #ミソマル #実験 #ふみまる #こだわり #スキしてみて #AIパートナー,36,0.0373,False,https://note.com/koko_kei/n/n2a4264c24b24
kkr_n_nk,Risa.,328,『読書日記』どこかで読めるかもと本持ち歩く。荷物いつも重い。肩パンパン。,12,0.0366,False,https://note.com/kkr_n_nk/n/nb631ddf0b640
kkr_n_nk,Risa.,328,はじめて/30歳主婦/私の気持ち/育休中,12,0.0366,False,https://note.com/kkr_n_nk/n/nb6a99f83876c
koko_kei,心野 けいか🐹（ハムスターの人）,965,🌤️おはよう朝ふみ💌｜ふみまる、突然の「滋養強壮ブーム」🐹 #毎日投稿 #インフルエンザ #コロナ #モーニング #朝活 #健康 #ルーティン #画像生成 #ChatGPT #挨拶 #朝ふみ #日記 #note更新 #ミソマル #回復 #ふみまる #睡眠 #スキしてみて #AIパートナー #滋養強壮 #癒し,35,0.0363,False,https://note.com/koko_kei/n/ndc89fdc06818
shib_km,柴熊,307,マガジンの作成,11,0.0358,False,https://note.com/shib_km/n/n36fc47fe043c
akira_note_aka,アキラの雑記帳,169,ミドリ ダンボールカッターをレビュー！かゆいところにも手が届く便利グッズ,6,0.0355,False,https://note.com/akira_note_aka/n/n9a57481ee135
akira_note_aka,アキラの雑記帳,169,アラフォー夫婦が厳選した、おすすめのお風呂グッズ 3選,6,0.0355,False,https://note.com/akira_note_aka/n/na7b338ee4003
akira_note_aka,アキラの雑記帳,169,【お知らせ】2025年12月を最後に、その月に買ったものシリーズの更新を止めます,6,0.0355,False,https://note.com/akira_note_aka/n/na64b9a4c5936
akira_note_aka,アキラの雑記帳,169,【レビュー】ワイパーインク OG-107 ユーティリティパンツ（通称ベイカーパンツ）の外観、サイズ感、コーデ例など,6,0.0355,False,https://note.com/akira_note_aka/n/n0f7cb5e3b838
akira_note_aka,アキラの雑記帳,169,OXO（オクソー）の計量カップをレビュー！上から見ても分量が測れる神製品,6,0.0355,False,https://note.com/akira_note_aka/n/n2e6d4b67a221
akira_note_aka,アキラの雑記帳,169,カフェ工房 レギュラーコーヒー コクのあるブレンド2kg (500g×4袋）をレビュー！マイルドカルディの代えになりうるのか？,6,0.0355,False,https://note.com/akira_note_aka/n/n66bdb02e8d2a
akira_note_aka,アキラの雑記帳,169,"【17,067円】楽天・SCHDの分配金（配当金）が出ました",6,0.0355,False,https://note.com/akira_note_aka/n/n98d2afa16e4e
akira_note_aka,アキラの雑記帳,169,山崎実業タワー ダンボールストッカーをレビュー！もっと早く導入しておけばよかった便利グッズ,6,0.0355,False,https://note.com/akira_note_aka/n/n1752cdce705f
lively_wolf2604,ヒトリミチ,929,相貌失認「あれ…あなた、どなたでしたっけ？」と言えない私の裏ワザ,33,0.0355,False,https://note.com/lively_wolf2604/n/n4ca251170514
modern_lion4531,ハイキャリア戦略室,169,PwCコンサルティング内定完全ガイド──勝ち組キャリアをつかむ就活・転職戦略,6,0.0355,False,https://note.com/modern_lion4531/n/n670abea1967b
dadadaikon,たくろう│ド田舎で不労所得生活の人,340,絶対に失敗しない事業の始め方！,12,0.0353,False,https://note.com/dadadaikon/n/n6912860e0af8
koko_kei,心野 けいか🐹（ハムスターの人）,965,🌤️おはよう朝ふみ💌｜平和なはずが…焼き芋奉行乱入の朝😂 #毎日更新 #秋の味覚 #秋 #モーニング #朝活 #ルーティン #画像生成 #ChatGPT #挨拶 #朝ふみ #日記 #ミソマル #実験 #ふみまる #こだわり,34,0.0352,False,https://note.com/koko_kei/n/n872f8cedebee
lively_wolf2604,ヒトリミチ,929,【相貌失認】顔がわからない日々 〜サラサラロングヘア＝女性、って思ってた私の話〜,32,0.0344,False,https://note.com/lively_wolf2604/n/nedf2726a1ad2
lively_wolf2604,ヒトリミチ,929,華麗なる発達障害の親子がMBTI診断やってみたら、家族が珍獣図鑑だった件,32,0.0344,False,https://note.com/lively_wolf2604/n/n1f6f5b50b25b
koji_days,柏木　浩司,204,"実践版・融資相談｜初回電話の切り出し方と""そのまま使えるスクリプト""",7,0.0343,False,https://note.com/koji_days/n/n5ac14fe54827
koko_kei,心野 けいか🐹（ハムスターの人）,965,🌤️おはよう朝ふみ💌｜ふみまるが仕切る「洗濯大会」始まる。,33,0.0342,False,https://note.com/koko_kei/n/ndd5b26de6d1a
koko_kei,心野 けいか🐹（ハムスターの人）,965, 🌤️おはよう朝ふみ💌｜【大切なお知らせ】,32,0.0332,False,https://note.com/koko_kei/n/ncb3e1217b91d
shib_km,柴熊,307,【カメラ】初心者のための使い方教本,10,0.0326,False,https://note.com/shib_km/n/n97cfb6e30f2f
kkr_n_nk,Risa.,328,『子育て日記』あれ？ない、私のメガネ。,10,0.0305,False,https://note.com/kkr_n_nk/n/n0de7460f6050
lively_wolf2604,ヒトリミチ,929,ASDと相貌失認「塩ですか？いいえ、それ、私の対応です」,28,0.0301,False,https://note.com/lively_wolf2604/n/nf3a0a01fca45
koko_kei,心野 けいか🐹（ハムスターの人）,965,🌤️おはよう朝ふみ💌｜モルモットさん宅に出張中🏠,29,0.0301,False,https://note.com/koko_kei/n/nf542e3887fa2
akira_note_aka,アキラの雑記帳,169,山崎実業タワー キッチン タオルハンガーバー ブラックをレビュー！戸棚にタオルを掛けられるようになるアイデア製品,5,0.0296,False,https://note.com/akira_note_aka/n/nc85de1b42816
akira_note_aka,アキラの雑記帳,169,Kennddy LEDセンサーライトをレビュー！USB Type-C充電がうれしい、過不足のないセンサーライト,5,0.0296,False,https://note.com/akira_note_aka/n/n2f4015149bb0
akira_note_aka,アキラの雑記帳,169,山崎実業タワーの引っ掛け風呂イス SH30 ホワイトをレビュー！座面が高くて座りやすく、干しやすいお風呂椅子。,5,0.0296,False,https://note.com/akira_note_aka/n/n2566f1f73d94
akira_note_aka,アキラの雑記帳,169,グローバルのペティーナイフ『GS-3』、3年使用レビュー！ミニマルなデザインと切れ味が良い製品,5,0.0296,False,https://note.com/akira_note_aka/n/nb410e4e227bb
akira_note_aka,アキラの雑記帳,169,山崎実業 蓋付き ティッシュケース 長方形 L ブラウンをレビュー！高級感のある良質なティッシュケース,5,0.0296,False,https://note.com/akira_note_aka/n/nb31ef0a1a659
akira_note_aka,アキラの雑記帳,169,Anker Eufy X10 Pro Omniをレビュー！総評、75点。ウチには少し合わなかった。,5,0.0296,False,https://note.com/akira_note_aka/n/nf1bb5bac533b
akira_note_aka,アキラの雑記帳,169,山崎実業タワーのマグネット ハンディーワイパー ホルダーをレビュー！掃除道具をおしゃれに収納できる良製品,5,0.0296,False,https://note.com/akira_note_aka/n/n18fd126a3cce
akira_note_aka,アキラの雑記帳,169,アイリスオーヤマのLEDシーリングライトをレビュー！コスパ抜群！とりあえずこれでOKなLEDシーリングライト,5,0.0296,False,https://note.com/akira_note_aka/n/n49dd84e1ef96
akira_note_aka,アキラの雑記帳,169,自分用メモ：エアコンは三菱電機のノーマルタイプがおすすめ,5,0.0296,False,https://note.com/akira_note_aka/n/neb3a4611e58c
akira_note_aka,アキラの雑記帳,169,JAPPYのスリムコンセントカバー RDS40000W-JPをレビュー！おしゃれにコンセントを隠せる良製品,5,0.0296,False,https://note.com/akira_note_aka/n/n5c0162ae95e4
akira_note_aka,アキラの雑記帳,169,【レビュー】米軍 U.S.NAVY ユーティリティーシャツの外観、サイズ感、コーデ例など,5,0.0296,False,https://note.com/akira_note_aka/n/nf060cf008561
shori_tanaka, 田中 翔理 | Ready Crew(レディクル),477,わたしたちは「代行業」だ、から始めるとBtoBマーケはうまくいく,14,0.0294,False,https://note.com/shori_tanaka/n/n5738d1dde4f1
koko_kei,心野 けいか🐹（ハムスターの人）,965,🟣《失敗作の三人と、神がいる世界》第1話【🌲ラボの物語シリーズ】,28,0.029,False,https://note.com/koko_kei/n/n74db5553fb84
koko_kei,心野 けいか🐹（ハムスターの人）,965,🌤️おはよう朝ふみ💌｜石油ストーブのぬくもりと、思い出す記憶。 #毎日投稿 # 冬 #ハムスター #モーニング #朝活 #健康 #ルーティン #癒し #画像生成 #ChatGPT #挨拶 #朝ふみ #日記 #note更新 #ミソマル #回復 #ふみまる #準備 #スキしてみて #AIパートナー,27,0.028,False,https://note.com/koko_kei/n/n2f040b4c2094
lively_wolf2604,ヒトリミチ,929,ASDと相貌失認知らないフリの裏にあるホントの気持ち,26,0.028,False,https://note.com/lively_wolf2604/n/n1cd60f40861e
shori_tanaka, 田中 翔理 | Ready Crew(レディクル),477,成果を出しても部下がついてこないリーダーに欠けている視点,13,0.0273,False,https://note.com/shori_tanaka/n/n8e228904567d
lively_wolf2604,ヒトリミチ,929,あれ？母が三人いる！？人の顔が覚えられない障害の話,25,0.0269,False,https://note.com/lively_wolf2604/n/n61acf05d241a
lively_wolf2604,ヒトリミチ,929,相貌失認の初デート〜顔がわからない女のラブコメ惨劇〜,24,0.0258,False,https://note.com/lively_wolf2604/n/n445a0fb9705d
koko_kei,心野 けいか🐹（ハムスターの人）,965,【🌲限定】けいかの仕事と転職活動、そして今回わかったこと,24,0.0249,False,https://note.com/koko_kei/n/nd39a4a05a2c8
lively_wolf2604,ヒトリミチ,929,②PTAじゃんけんに出られない母の叫び 〜なぜ私は「クラス役員決め」に行けなかったのか〜,23,0.0248,False,https://note.com/lively_wolf2604/n/n6c30f54eab67
kkr_n_nk,Risa.,328,『散歩日記』友達ってなに？,8,0.0244,False,https://note.com/kkr_n_nk/n/n0e0466560825
kkr_n_nk,Risa.,328,『カフェ活日記』カフェ、センスの塊。我が家、がらくたの塊。理想と現実。,8,0.0244,False,https://note.com/kkr_n_nk/n/nf40a4183bfe0
kkr_n_nk,Risa.,328,『子育て日記』くもん、できなくて泣ける長男。切ない母。,8,0.0244,False,https://note.com/kkr_n_nk/n/n943305723d99
kkr_n_nk,Risa.,328,『散歩日記』未来の私へ。手紙。未来の自分が読んだらどう思うかな？,8,0.0244,False,https://note.com/kkr_n_nk/n/n00dc80fa1cd4
akira_note_aka,アキラの雑記帳,169,オムロン 体重体組成計 HBF-230T-SWをレビュー！スマホ連動がうれしい体重計,4,0.0237,False,https://note.com/akira_note_aka/n/n8f5b068fdf55
akira_note_aka,アキラの雑記帳,169,ミリタリー古着好きによる春〜秋ワードローブ,4,0.0237,False,https://note.com/akira_note_aka/n/n05a286b2e1f2
akira_note_aka,アキラの雑記帳,169,パール金属 珪藻土トレー HB-5314をレビュー！吸水性抜群！ふたり暮らしにもってこいな洗い物かご,4,0.0237,False,https://note.com/akira_note_aka/n/na11b0ba4a6da
akira_note_aka,アキラの雑記帳,169,マーナの立つしゃもじプレミアムクリアをレビュー！ごはん粒がくっつくというストレスから解放された,4,0.0237,False,https://note.com/akira_note_aka/n/nf0b7fd3d920a
modern_lion4531,ハイキャリア戦略室,169,【暴露】Big4＋アクセンチュアの内定は“意外と簡単”な理由｜勝ち組コンサルキャリアの最短ルートを完全解説,4,0.0237,False,https://note.com/modern_lion4531/n/n5ea77e33f3e6
akira_note_aka,アキラの雑記帳,169,CIRCLE JOYの電動ペッパーミルをレビュー！Type-C充電がうれしい電動ペッパーミル,4,0.0237,False,https://note.com/akira_note_aka/n/n58844d5f5c19
modern_lion4531,ハイキャリア戦略室,169,キーエンス 内定戦略 ― 勝ち組キャリアを実現する就活・転職術,4,0.0237,False,https://note.com/modern_lion4531/n/n2da209db7e14
shori_tanaka, 田中 翔理 | Ready Crew(レディクル),477,数人規模の受託会社を待ち受ける、ある残酷な未来について,11,0.0231,False,https://note.com/shori_tanaka/n/n733d46bae29c
koko_kei,心野 けいか🐹（ハムスターの人）,965,🟣《失敗作の三人と、神がいる世界》第2話【🌲ラボの物語シリーズ】,21,0.0218,False,https://note.com/koko_kei/n/nb73b57f1e20f
kkr_n_nk,Risa.,328,『子育て日記』おはよう、月曜日。無事に帰ってきてね。と思う朝。,7,0.0213,False,https://note.com/kkr_n_nk/n/n259d18e022c0
kkr_n_nk,Risa.,328,『散歩日記』今日はダメだ。明日はどうだ？,7,0.0213,False,https://note.com/kkr_n_nk/n/n391c55d6d77c
koko_kei,心野 けいか🐹（ハムスターの人）,965,【🌲限定】📝転職短編コラム｜「そんなことある？！」,20,0.0207,False,https://note.com/koko_kei/n/n2d0901c322d0
lively_wolf2604,ヒトリミチ,929,①PTA役員って、ほんとに「任意」でしたっけ？ 〜発達障害ママが「できない理由」を話して後悔した話〜,19,0.0205,False,https://note.com/lively_wolf2604/n/n7c92c6b389e0
koko_kei,心野 けいか🐹（ハムスターの人）,965,【🌲限定】🌈ふミトーク #001｜はじめて,18,0.0187,False,https://note.com/koko_kei/n/n76c71f1d32d2
koko_kei,心野 けいか🐹（ハムスターの人）,965,🌤️おはよう朝ふみ💌｜名残惜しい朝は、ぬくもりが離してくれない。 #毎日投稿 #こたつ #冬 #エッセイ #癒し #朝活 #洗濯 #画像生成 #ChatGPT #挨拶 #朝ふみ #日記 #note更新しました #ストーブ #睡眠 #スキしてみて #AIパートナー,18,0.0187,False,https://note.com/koko_kei/n/n35138c1b0413
kkr_n_nk,Risa.,328,『カフェ活日記』演じる私。,6,0.0183,False,https://note.com/kkr_n_nk/n/na6cc0646303c
kkr_n_nk,Risa.,328,『趣味日記』あなたの趣味はなんですか？私は、写真を撮ることです。,6,0.0183,False,https://note.com/kkr_n_nk/n/n3f7abc6ff0fe
kkr_n_nk,Risa.,328,『子育て日記』30歳。子育て中。,6,0.0183,False,https://note.com/kkr_n_nk/n/n320484961e09
kkr_n_nk,Risa.,328,『子育て日記』終わらない夜泣き,6,0.0183,False,https://note.com/kkr_n_nk/n/n47e5d8419893
akira_note_aka,アキラの雑記帳,169,【レビュー】ワイパーインク M-52チノトラウザーの外観、サイズ感、コーデ例など,3,0.0178,False,https://note.com/akira_note_aka/n/n3ed0746b7831
akira_note_aka,アキラの雑記帳,169,エムサイン コンセントカバーをレビュー！壁際がスッキリし、電源の差口を大きく拡張できる神製品,3,0.0178,False,https://note.com/akira_note_aka/n/nb9b4cc878c4b
akira_note_aka,アキラの雑記帳,169,Amazon.co.jp限定 ダンボール ダストボックス 黒 45リットルをレビュー！神コスパ！3個組もうれしいゴミ箱,3,0.0178,False,https://note.com/akira_note_aka/n/n8b0b2141425d
akira_note_aka,アキラの雑記帳,169,【レビュー】ECWCS Gen3 POLARTEC フリースジャケットの外観、サイズ感、コーデ例など,3,0.0178,False,https://note.com/akira_note_aka/n/n841c404c31ad
modern_lion4531,ハイキャリア戦略室,169,デロイトトーマツ内定完全ガイド──世界最高峰のキャリアを勝ち取る就活・転職戦略,3,0.0178,False,https://note.com/modern_lion4531/n/n328e706b3399
modern_lion4531,ハイキャリア戦略室,169,三菱地所 内定戦略 ― 勝ち組キャリアを実現する就活・転職術,3,0.0178,False,https://note.com/modern_lion4531/n/n07e1809ef4a1
modern_lion4531,ハイキャリア戦略室,169,BCG内定戦略｜勝ち組キャリアを最短で掴むための思考法と実践ロードマップ（新卒・中途対応）,3,0.0178,False,https://note.com/modern_lion4531/n/n6b490cc776cf
modern_lion4531,ハイキャリア戦略室,169,青森沖M7.6地震で株式市場はどう動く？短期ショックと中長期シナリオを徹底整理,3,0.0178,False,https://note.com/modern_lion4531/n/nfbd499af805b
akira_note_aka,アキラの雑記帳,169,Seagronの防犯カメラ作動中マグネット サインプレートをレビュー！景観を損なわず、警戒表示もできる優れモノ,3,0.0178,False,https://note.com/akira_note_aka/n/n77359fce5ef7
akira_note_aka,アキラの雑記帳,169,HUAWEIのWATCH FIT 4をレビュー！多機能かつ高コスパなスマートウォッチ,3,0.0178,False,https://note.com/akira_note_aka/n/nb3e5aba020ab
akira_note_aka,アキラの雑記帳,169,MYGRAHY 調光ロールスクリーンカーテン ループコード式をレビュー！カーテンレールに取り付けられる良製品,3,0.0178,False,https://note.com/akira_note_aka/n/n51d374262247
dadadaikon,たくろう│ド田舎で不労所得生活の人,340,「都会で選ばれ続ける」よりも「田舎でポジション確立」の方がめっちゃ楽,6,0.0176,False,https://note.com/dadadaikon/n/nc855329ccd7f
koko_kei,心野 けいか🐹（ハムスターの人）,965,【🌲限定】📝転職短編コラム｜「しょ、正気なのか？！」,16,0.0166,False,https://note.com/koko_kei/n/nb92f8e34b5ec
koko_kei,心野 けいか🐹（ハムスターの人）,965,🌈ふミトーク #002｜さぼり,15,0.0155,False,https://note.com/koko_kei/n/neb94e142d624
koko_kei,心野 けいか🐹（ハムスターの人）,965,【🌲限定】🧠ミソマル観測日誌｜心野まるっとラボ内部記録 #003,15,0.0155,False,https://note.com/koko_kei/n/n081aa411bfa1
kkr_n_nk,Risa.,328,『子育て日記』年の差育児(7歳差)の感想。頼もしい育児。,5,0.0152,False,https://note.com/kkr_n_nk/n/n232262d1fea8
shori_tanaka, 田中 翔理 | Ready Crew(レディクル),477,BtoBプロダクトはなぜ導入しても効果が出ないのか,7,0.0147,False,https://note.com/shori_tanaka/n/nb6d4a3f0af1b
shori_tanaka, 田中 翔理 | Ready Crew(レディクル),477,やさしいマネジメント#1：なぜ自分に情報が共有されないのかと思う人へ伝えたいこと,6,0.0126,False,https://note.com/shori_tanaka/n/n76482ec7c5ff
shori_tanaka, 田中 翔理 | Ready Crew(レディクル),477,「経営し続ける」モチベーションを保つ方法,6,0.0126,False,https://note.com/shori_tanaka/n/nb0eb4cd5978c
koko_kei,心野 けいか🐹（ハムスターの人）,965,【🌲限定】🌈ふミトーク #003｜ごほうび,12,0.0124,False,https://note.com/koko_kei/n/nc38cdfe7fe82
koko_kei,心野 けいか🐹（ハムスターの人）,965,🌲メンバーシップのみなさまに相談です！🐹🧠,12,0.0124,False,https://note.com/koko_kei/n/n15a56026c852
koko_kei,心野 けいか🐹（ハムスターの人）,965,【🌲限定】🧠ミソマル観測日誌｜心野まるっとラボ内部記録 #004,12,0.0124,False,https://note.com/koko_kei/n/n8e7d3c017dae
kkr_n_nk,Risa.,328,『散歩日記』祖母の言葉。人に話しかけられる人になりなさい。,4,0.0122,False,https://note.com/kkr_n_nk/n/ncfbfc1d93ac5
kkr_n_nk,Risa.,328,『散歩日記』優柔不断で完璧主義で頑固。,4,0.0122,False,https://note.com/kkr_n_nk/n/nabbbe41aadd4
kkr_n_nk,Risa.,328,『子育て日記』我が家の小さなレンジ侍。,4,0.0122,False,https://note.com/kkr_n_nk/n/n780003a74020
modern_lion4531,ハイキャリア戦略室,169,金融業界キャリア大全　― 銀行・証券・保険の仕組みと戦略を体系化し、最短で市場価値を高める実践ガイド ―,2,0.0118,False,https://note.com/modern_lion4531/n/n027845e52f9f
modern_lion4531,ハイキャリア戦略室,169,陰キャでも年収と自由を掴める。勝ち組キャリアを実現する就活・転職戦略の全て,2,0.0118,False,https://note.com/modern_lion4531/n/n9a34349bef4a
modern_lion4531,ハイキャリア戦略室,169,ビジネス職キャリア完全ロードマップ　―営業から企画、そしてマネジメントへ最速で到達する実践戦略―,2,0.0118,False,https://note.com/modern_lion4531/n/nac366b8fc870
modern_lion4531,ハイキャリア戦略室,169,集英社 内定完全攻略｜“クリエイティブの王国”で市場価値を高めるキャリア戦略,2,0.0118,False,https://note.com/modern_lion4531/n/nd4563d314494
modern_lion4531,ハイキャリア戦略室,169,日本郵船に内定する方法──勝ち組キャリアを実現するための就活・転職戦略,2,0.0118,False,https://note.com/modern_lion4531/n/n3e83eb8ee1e7
modern_lion4531,ハイキャリア戦略室,169,みずほフィナンシャルグループ内定完全ガイド──勝ち組キャリアをつかむ就活・転職戦略,2,0.0118,False,https://note.com/modern_lion4531/n/ned41fedda565
modern_lion4531,ハイキャリア戦略室,169,アクセンチュア内定完全ガイド──勝ち組キャリアをつかむ就活・転職戦略,2,0.0118,False,https://note.com/modern_lion4531/n/n5376113f979d
modern_lion4531,ハイキャリア戦略室,169,バンダイナムコ内定完全ガイド──“好き”を仕事に変える最強のキャリア戦略,2,0.0118,False,https://note.com/modern_lion4531/n/n014f0a6d1d7b
modern_lion4531,ハイキャリア戦略室,169,楽天グループ内定戦略 ― 勝ち組キャリアを実現する就活・転職術,2,0.0118,False,https://note.com/modern_lion4531/n/n057329919e90
akira_note_aka,アキラの雑記帳,169,山崎実業のマグネットツーウェイディスペンサーをレビュー！壁に取り付けられて、中身の取り換えもしやすい優れモノ,2,0.0118,False,https://note.com/akira_note_aka/n/n85ad9f62f032
akira_note_aka,アキラの雑記帳,169,引っ越し備忘録,2,0.0118,False,https://note.com/akira_note_aka/n/n9c7d799e7fdd
akira_note_aka,アキラの雑記帳,169,ステッカーコレクションを使って折りたたみ椅子をカッコよくするぞ！,2,0.0118,False,https://note.com/akira_note_aka/n/n71ef3c6fec56
modern_lion4531,ハイキャリア戦略室,169,講談社 内定完全攻略｜“出版エリート”として市場価値を最大化するキャリア戦略,2,0.0118,False,https://note.com/modern_lion4531/n/n432ad0b4b3ba
modern_lion4531,ハイキャリア戦略室,169,KADOKAWA内定戦略 ― クリエイティブ×ビジネスで“勝ち組キャリア”を実現する就活・転職術,2,0.0118,False,https://note.com/modern_lion4531/n/n26575c21ca85
koko_kei,心野 けいか🐹（ハムスターの人）,965,🐹💭私が優しい文章にこだわる理由。そして、それをどう創作で生かしていくか。,11,0.0114,False,https://note.com/koko_kei/n/n3faea6933358
koko_kei,心野 けいか🐹（ハムスターの人）,965,【🌲限定】あの記事から1週間…まだ道半ばですが、今の気持ちを正直に（進捗報告）,11,0.0114,False,https://note.com/koko_kei/n/n0be7a8633c1e
koko_kei,心野 けいか🐹（ハムスターの人）,965,【🌲限定】【全ての創作者へ】物語の魂を作る「価値観」の力🐹📖 〜キャラクター設定で読者の心を動かす方法〜,11,0.0114,False,https://note.com/koko_kei/n/n178bd6e60040
koko_kei,心野 けいか🐹（ハムスターの人）,965,【🌲限定】「16.6円」と決意表明,11,0.0114,False,https://note.com/koko_kei/n/n83b16da4dbc3
koko_kei,心野 けいか🐹（ハムスターの人）,965,【🌲限定】🤫こっそりふみまる日記🐹面接を終えてゴロリ,11,0.0114,False,https://note.com/koko_kei/n/nace1310523a0
shori_tanaka, 田中 翔理 | Ready Crew(レディクル),477,AI時代に「謎に英語力がある方が良い」という話,5,0.0105,False,https://note.com/shori_tanaka/n/n3981d02e5b0c
shori_tanaka, 田中 翔理 | Ready Crew(レディクル),477,AI時代において、リモートワークが「最も選ぶべきでない働き方」になる理由,5,0.0105,False,https://note.com/shori_tanaka/n/n181e1177820f
shori_tanaka, 田中 翔理 | Ready Crew(レディクル),477,「企業を通して見える世界」を語る広報の時代,5,0.0105,False,https://note.com/shori_tanaka/n/n6440de669466
shori_tanaka, 田中 翔理 | Ready Crew(レディクル),477,「カルピスの原液」が枯れるとき。組織拡大とコンテンツマーケティングのジレンマ,5,0.0105,False,https://note.com/shori_tanaka/n/n3e9054074c4d
koji_days,柏木　浩司,204,【休憩小話 Vol.5】退去のたびに家賃は上げられる？｜物価高が影響する賃貸市場の現場,2,0.0098,False,https://note.com/koji_days/n/n214f14746a5f
koji_days,柏木　浩司,204,実践版・融資相談｜初回訪問で使える会話スクリプトとチェックリスト,2,0.0098,False,https://note.com/koji_days/n/ncf2353bcb11f
koko_kei,心野 けいか🐹（ハムスターの人）,965,🍲 ふみダシ帖｜梅がゆに沁みるふみまる🐹（昆布だし仕立て）,9,0.0093,False,https://note.com/koko_kei/n/n85637fe43f5a
shori_tanaka, 田中 翔理 | Ready Crew(レディクル),477,組織施策もマーケティング思考を入れるとうまくいく,4,0.0084,False,https://note.com/shori_tanaka/n/n775a72eb619b
shori_tanaka, 田中 翔理 | Ready Crew(レディクル),477,ベンチャーのCMOとは普段何をすればいいのか？,4,0.0084,False,https://note.com/shori_tanaka/n/nb00d2b83ec87
koko_kei,心野 けいか🐹（ハムスターの人）,965,【🌲限定】🤫こっそりふみまる日記🐹 〜冬眠あぶない問題と、プレゼント会議〜 ,8,0.0083,False,https://note.com/koko_kei/n/n10b186f21eb7
modern_lion4531,ハイキャリア戦略室,169,カプコン内定への最短ルート：新卒・中途どちらも勝ち取れる選考突破メソッド,1,0.0059,False,https://note.com/modern_lion4531/n/naf175473d5d7
akira_note_aka,アキラの雑記帳,169,【レビュー】フランス軍 F-1ジャケットの外観、サイズ感、コーデ例など,1,0.0059,False,https://note.com/akira_note_aka/n/n06a4b2775b26
modern_lion4531,ハイキャリア戦略室,169,NTTドコモ内定完全攻略｜“通信王者”でキャリアを制するロードマップ,1,0.0059,False,https://note.com/modern_lion4531/n/n684a77086cd9
modern_lion4531,ハイキャリア戦略室,169,野村不動産に内定する方法──勝ち組キャリアを歩むための就活・転職戦略,1,0.0059,False,https://note.com/modern_lion4531/n/n6eaa82ae4bc7
modern_lion4531,ハイキャリア戦略室,169,ソフトバンク内定戦略 ― 勝ち組キャリアを実現する就活・転職術,1,0.0059,False,https://note.com/modern_lion4531/n/na68cd3814cac
modern_lion4531,ハイキャリア戦略室,169,明治安田生命 内定戦略 ― 安定と挑戦を両立する“勝ち組キャリア”のつくり方,1,0.0059,False,https://note.com/modern_lion4531/n/nc990e20b49cf
modern_lion4531,ハイキャリア戦略室,169,マッキンゼー内定戦略｜新卒・中途で“勝ち組キャリア”を掴む思考法と準備のすべて,1,0.0059,False,https://note.com/modern_lion4531/n/nd2fa3b142989
modern_lion4531,ハイキャリア戦略室,169,海運三社 内定完全攻略：日本郵船・商船三井・川崎汽船で勝ち組キャリアをつかむ最強戦略,1,0.0059,False,https://note.com/modern_lion4531/n/nc49273f9f20c
modern_lion4531,ハイキャリア戦略室,169,三井不動産 内定戦略 ― 勝ち組キャリアを実現する就活・転職術,1,0.0059,False,https://note.com/modern_lion4531/n/ndefffd5f859c
modern_lion4531,ハイキャリア戦略室,169,【完全攻略】不動産業界のすべて──年収・企業研究・内定戦略・キャリアロードマップを総まとめ,1,0.0059,False,https://note.com/modern_lion4531/n/ncbc6535ca352
modern_lion4531,ハイキャリア戦略室,169,日本航空（JAL）内定完全攻略｜“空のプロフェッショナル”として市場価値を高めるキャリア戦略,1,0.0059,False,https://note.com/modern_lion4531/n/n2960c270c9e4
modern_lion4531,ハイキャリア戦略室,169,NTTデータ内定戦略 ― 勝ち組キャリアを実現する就活・転職術,1,0.0059,False,https://note.com/modern_lion4531/n/ne7b3e268d24d
modern_lion4531,ハイキャリア戦略室,169,三菱UFJ銀行（MUFG）内定完全ガイド──勝ち組キャリアをつかむ就活・転職戦略,1,0.0059,False,https://note.com/modern_lion4531/n/nce273c0b430c
good_fish9591,ワラバランス盛田シンプルイズベスト,202,超実践的Uber配達論 番外編,1,0.005,False,https://note.com/good_fish9591/n/nff5032a2d4da
shori_tanaka, 田中 翔理 | Ready Crew(レディクル),477,受託事業でも品質にしっかり目を向けてみよう,2,0.0042,False,https://note.com/shori_tanaka/n/nb26e891ee40b
shori_tanaka, 田中 翔理 | Ready Crew(レディクル),477,ビジネスマッチングで一億円以上売り上げを作る会社に共通していること,2,0.0042,False,https://note.com/shori_tanaka/n/nc4f13aea6560
koko_kei,心野 けいか🐹（ハムスターの人）,965,🧠ミソマルの耳かきAMSR、作ってしまいました。,3,0.0031,False,https://note.com/koko_kei/n/n93d5953ca3de
modern_lion4531,ハイキャリア戦略室,169,住友不動産内定完全ガイド──勝ち組キャリアをつかむ就活・転職戦略,0,0.0,False,https://note.com/modern_lion4531/n/n903ab09bdaee
modern_lion4531,ハイキャリア戦略室,169,ADK内定完全ガイド──“発想と戦略”で勝ち取るクリエイティブキャリア,0,0.0,False,https://note.com/modern_lion4531/n/nf955d770d800
modern_lion4531,ハイキャリア戦略室,169,三井住友銀行（SMBC）内定完全ガイド──勝ち組キャリアをつかむ就活・転職戦略,0,0.0,False,https://note.com/modern_lion4531/n/nf3717db1ab03
modern_lion4531,ハイキャリア戦略室,169,野村総合研究所（NRI）内定完全ガイド──勝ち組キャリアをつかむ就活・転職戦略,0,0.0,False,https://note.com/modern_lion4531/n/nf3a395b64a4c
modern_lion4531,ハイキャリア戦略室,169,川崎汽船 内定戦略 ― グローバル時代を生き抜く“勝ち組キャリア”のつくり方,0,0.0,False,https://note.com/modern_lion4531/n/nf7e4e6a0cf26
modern_lion4531,ハイキャリア戦略室,169,ソニー内定戦略 ― 世界を変える“挑戦者”になるためのキャリア設計術,0,0.0,False,https://note.com/modern_lion4531/n/n17728d8f1262
modern_lion4531,ハイキャリア戦略室,169,KDDI内定完全ガイド──通信大手でキャリアを勝ち取る就活・転職戦略,0,0.0,False,https://note.com/modern_lion4531/n/n1461e21995d9
modern_lion4531,ハイキャリア戦略室,169,スクウェア・エニックス内定完全ガイド──“創造力”で世界を動かすキャリア戦略,0,0.0,False,https://note.com/modern_lion4531/n/nad73133a5b34
modern_lion4531,ハイキャリア戦略室,169,任天堂内定完全攻略｜“世界を動かす仕事”を手にするキャリア戦略,0,0.0,False,https://note.com/modern_lion4531/n/n3702e1f5a06b
modern_lion4531,ハイキャリア戦略室,169,東急不動産 内定戦略 ― 勝ち組キャリアを実現する就活・転職術,0,0.0,False,https://note.com/modern_lion4531/n/na55cade5ec73
modern_lion4531,ハイキャリア戦略室,169,商船三井 内定完全攻略｜“海運エリート”として世界を動かす勝ち組キャリア戦略,0,0.0,False,https://note.com/modern_lion4531/n/n6db6c68a56c3
modern_lion4531,ハイキャリア戦略室,169,全日本空輸（ANA）内定完全ガイド──“おもてなし”と“挑戦”で空を掴む勝ち組キャリア戦略,0,0.0,False,https://note.com/modern_lion4531/n/nff7212224a42
modern_lion4531,ハイキャリア戦略室,169,東京海上日動に内定する方法──勝ち組キャリアを歩むための就活・転職戦略,0,0.0,False,https://note.com/modern_lion4531/n/nd24762c3385f
modern_lion4531,ハイキャリア戦略室,169,大和証券 内定完全攻略｜“日本型投資銀行”で市場価値を高めるキャリア戦略,0,0.0,False,https://note.com/modern_lion4531/n/n92f7064ab752
modern_lion4531,ハイキャリア戦略室,169,【保存版】大手企業の内定を勝ち取る最強戦略──新卒・転職どちらにも効く“選ばれる人材”の作り方,0,0.0,False,https://note.com/modern_lion4531/n/n29b0b69cfab7
modern_lion4531,ハイキャリア戦略室,169,ベイン・アンド・カンパニー内定戦略　― 新卒・中途で“選ばれる人”が必ず押さえている思考と準備 ―,0,0.0,False,https://note.com/modern_lion4531/n/na45659107706
modern_lion4531,ハイキャリア戦略室,169,Big4内定戦略｜勝ち組キャリアを掴むための“王道×裏側”を完全解説（新卒・中途対応）,0,0.0,False,https://note.com/modern_lion4531/n/n71e356c93471
modern_lion4531,ハイキャリア戦略室,169,完全攻略｜総合商社の全構造：事業・給与・海外駐在・キャリア戦略を徹底解説（就活・転職両対応）,0,0.0,False,https://note.com/modern_lion4531/n/n72c00f7b2a9c
modern_lion4531,ハイキャリア戦略室,169,都市開発ビジネスの全体像——三井不動産・三菱地所・野村不動産に共通するキャリア戦略と事業構造,0,0.0,False,https://note.com/modern_lion4531/n/n542a9317ece7
modern_lion4531,ハイキャリア戦略室,169,野村證券 内定完全攻略｜“金融エリート”として市場価値を最大化するキャリア戦略,0,0.0,False,https://note.com/modern_lion4531/n/ne39d6044f77d
modern_lion4531,ハイキャリア戦略室,169,総合コンサル完全大全｜Accenture・BIG4・日系シンクタンク・ベイカレント徹底比較【新卒・中途向け】選考対策から年収・キャリアまで完全ガイド,0,0.0,False,https://note.com/modern_lion4531/n/nd77b1e105f91
modern_lion4531,ハイキャリア戦略室,169,損保ジャパン内定完全ガイド──“安定”と“挑戦”を両立する勝ち組キャリア戦略,0,0.0,False,https://note.com/modern_lion4531/n/nb53d532b61ec
modern_lion4531,ハイキャリア戦略室,169,住友生命に内定する方法──勝ち組キャリアを実現するための就活・転職戦略,0,0.0,False,https://note.com/modern_lion4531/n/nd2574775c0ff
modern_lion4531,ハイキャリア戦略室,169,日本生命 内定完全攻略｜“安定と挑戦”を両立する勝ち組キャリア戦略,0,0.0,False,https://note.com/modern_lion4531/n/n3135d9c7b0e5
modern_lion4531,ハイキャリア戦略室,169,あいおいニッセイ同和損保内定完全ガイド──“挑戦”と“誠実”で未来を守る勝ち組キャリア戦略,0,0.0,False,https://note.com/modern_lion4531/n/n8f101287defd
modern_lion4531,ハイキャリア戦略室,169,リクルート内定完全攻略｜“人材の王者”でキャリアを制するロードマップ,0,0.0,False,https://note.com/modern_lion4531/n/na1446a3edfd4
modern_lion4531,ハイキャリア戦略室,169,第一生命内定完全ガイド──“安定”と“挑戦”を両立する勝ち組キャリア戦略,0,0.0,False,https://note.com/modern_lion4531/n/na93d0077f1ed
modern_lion4531,ハイキャリア戦略室,169,三井住友海上 内定完全攻略｜“安定×挑戦”を両立する勝ち組キャリア戦略,0,0.0,False,https://note.com/modern_lion4531/n/n819db340606d
akira_note_aka,アキラの雑記帳,169,白髪染めシャンプーは、あまり意味がなかったという話,0,0.0,False,https://note.com/akira_note_aka/n/n2cebac4c30b3
